{
    "type": "FeatureCollection",
    "name": "comunidadbalancan",
    "crs": {
        "type": "name",
        "properties": {
            "name": "urn:ogc:def:crs:OGC::CRS84"
        }
    },
    "features": [
        {
            "type": "Feature",
            "properties": {
                "EDICION": "2025",
                "VERSION": "1",
                "TIPO_GEO": "l",
                "CVEGEO": "270010056",
                "CVE_ENT": "27",
                "CVE_MUN": "001",
                "CVE_LOC": "0056",
                "NOMGEO": "Missicab (La Pita)",
                "AMBITO": "Rural"
            },
            "geometry": {
                "type": "MultiPolygon",
                "coordinates": [
                    [
                        [
                            [
                                -91.382563913566742,
                                17.832877918010155
                            ],
                            [
                                -91.383388184912917,
                                17.833333596302168
                            ],
                            [
                                -91.383779229651978,
                                17.833565916092187
                            ],
                            [
                                -91.383926059855668,
                                17.833651486731608
                            ],
                            [
                                -91.384375399026112,
                                17.833913350692509
                            ],
                            [
                                -91.384536702868175,
                                17.834008360330756
                            ],
                            [
                                -91.384766541366943,
                                17.833622605990019
                            ],
                            [
                                -91.385840599754658,
                                17.834215042231875
                            ],
                            [
                                -91.385869229797848,
                                17.834259289532479
                            ],
                            [
                                -91.385876385050935,
                                17.834296255435412
                            ],
                            [
                                -91.385851799592999,
                                17.834357864964375
                            ],
                            [
                                -91.385534341271693,
                                17.834652294319522
                            ],
                            [
                                -91.385323339661241,
                                17.834840183978123
                            ],
                            [
                                -91.385158050769519,
                                17.834943194316516
                            ],
                            [
                                -91.384753359958509,
                                17.835295874566746
                            ],
                            [
                                -91.384572871219021,
                                17.835471890143999
                            ],
                            [
                                -91.384372960191257,
                                17.835666845162653
                            ],
                            [
                                -91.383768246189234,
                                17.836256509991031
                            ],
                            [
                                -91.382587860958054,
                                17.835585954979749
                            ],
                            [
                                -91.381345161424775,
                                17.834878674899056
                            ],
                            [
                                -91.380807968454292,
                                17.83457840599792
                            ],
                            [
                                -91.380566137989575,
                                17.835015202645835
                            ],
                            [
                                -91.38036832660174,
                                17.835344618795354
                            ],
                            [
                                -91.380335116068252,
                                17.835359528681163
                            ],
                            [
                                -91.380303383624678,
                                17.835355355028316
                            ],
                            [
                                -91.380278373053429,
                                17.835340565723023
                            ],
                            [
                                -91.379466215997468,
                                17.83486029973681
                            ],
                            [
                                -91.378900382184042,
                                17.835750726830071
                            ],
                            [
                                -91.378355131916649,
                                17.835590133832127
                            ],
                            [
                                -91.378009853451218,
                                17.835525394661151
                            ],
                            [
                                -91.377874192995634,
                                17.835520623995912
                            ],
                            [
                                -91.377002142635675,
                                17.83576276443895
                            ],
                            [
                                -91.376681493404789,
                                17.835938064005557
                            ],
                            [
                                -91.376481563896647,
                                17.836081493455243
                            ],
                            [
                                -91.376392693926675,
                                17.836232785365208
                            ],
                            [
                                -91.376284163896912,
                                17.836243724514759
                            ],
                            [
                                -91.376260652124913,
                                17.836245924322355
                            ],
                            [
                                -91.376235432627865,
                                17.836246465267212
                            ],
                            [
                                -91.376099003695941,
                                17.836260983862086
                            ],
                            [
                                -91.375816773734826,
                                17.836220534051616
                            ],
                            [
                                -91.375659033822288,
                                17.836210413618574
                            ],
                            [
                                -91.37546066256327,
                                17.836151224244457
                            ],
                            [
                                -91.375213913593569,
                                17.836087063782223
                            ],
                            [
                                -91.375003023675987,
                                17.835991674408806
                            ],
                            [
                                -91.374856713048047,
                                17.835812794619347
                            ],
                            [
                                -91.374810204593487,
                                17.835667423764054
                            ],
                            [
                                -91.374792294173417,
                                17.835505665043328
                            ],
                            [
                                -91.37481914416928,
                                17.834962663539404
                            ],
                            [
                                -91.374864134378683,
                                17.834716764506695
                            ],
                            [
                                -91.374839992427368,
                                17.83440430529247
                            ],
                            [
                                -91.374797404075878,
                                17.834136414537845
                            ],
                            [
                                -91.374731344375832,
                                17.833932475597909
                            ],
                            [
                                -91.374725733844073,
                                17.833680985632828
                            ],
                            [
                                -91.374569312953255,
                                17.83340396422501
                            ],
                            [
                                -91.374499063529797,
                                17.833061024701273
                            ],
                            [
                                -91.374471093769259,
                                17.83279841430754
                            ],
                            [
                                -91.374489363853584,
                                17.832718674731485
                            ],
                            [
                                -91.374520404297144,
                                17.83255795613087
                            ],
                            [
                                -91.374537713807314,
                                17.832407215971173
                            ],
                            [
                                -91.374559733063649,
                                17.832219126225358
                            ],
                            [
                                -91.374577203791091,
                                17.832135825254543
                            ],
                            [
                                -91.374636513953632,
                                17.832159535479953
                            ],
                            [
                                -91.375034113416802,
                                17.832249185804145
                            ],
                            [
                                -91.375386713554064,
                                17.832290824848712
                            ],
                            [
                                -91.375476563486032,
                                17.832280335619711
                            ],
                            [
                                -91.375718440170132,
                                17.832085812255222
                            ],
                            [
                                -91.375892623541105,
                                17.832029115664614
                            ],
                            [
                                -91.376132056164437,
                                17.832002959793794
                            ],
                            [
                                -91.37623139973546,
                                17.832020095098251
                            ],
                            [
                                -91.376600369106768,
                                17.832203183643536
                            ],
                            [
                                -91.377237805922974,
                                17.832549455042045
                            ],
                            [
                                -91.378452347181579,
                                17.830492771831757
                            ],
                            [
                                -91.37883304084292,
                                17.830664315410257
                            ],
                            [
                                -91.379048515873137,
                                17.830753195926828
                            ],
                            [
                                -91.37932147275076,
                                17.831060414238134
                            ],
                            [
                                -91.381022898962485,
                                17.832014976115882
                            ],
                            [
                                -91.381049331386976,
                                17.832013354804118
                            ],
                            [
                                -91.381091468395226,
                                17.832012511073167
                            ],
                            [
                                -91.381169617315408,
                                17.832012306635924
                            ],
                            [
                                -91.381242155974618,
                                17.83203281023242
                            ],
                            [
                                -91.381347898489892,
                                17.832090212226689
                            ],
                            [
                                -91.381543662929275,
                                17.83222692403946
                            ],
                            [
                                -91.381710799440597,
                                17.83231938766987
                            ],
                            [
                                -91.381796766248527,
                                17.832373465363407
                            ],
                            [
                                -91.381879776559785,
                                17.832465708960466
                            ],
                            [
                                -91.381929575455786,
                                17.8325324187965
                            ],
                            [
                                -91.381934230139265,
                                17.832538654570392
                            ],
                            [
                                -91.382007650399771,
                                17.832599515513568
                            ],
                            [
                                -91.382559910898792,
                                17.83287575354867
                            ],
                            [
                                -91.382563913566742,
                                17.832877918010155
                            ]
                        ]
                    ]
                ]
            }
        },
        {
            "type": "Feature",
            "properties": {
                "EDICION": "2025",
                "VERSION": "1",
                "TIPO_GEO": "l",
                "CVEGEO": "270010207",
                "CVE_ENT": "27",
                "CVE_MUN": "001",
                "CVE_LOC": "0207",
                "NOMGEO": "Santa Cruz",
                "AMBITO": "Rural"
            },
            "geometry": {
                "type": "MultiPolygon",
                "coordinates": [
                    [
                        [
                            [
                                -91.382086546308997,
                                17.791625275717649
                            ],
                            [
                                -91.381581131004609,
                                17.791580106359856
                            ],
                            [
                                -91.381492019176306,
                                17.7915797044068
                            ],
                            [
                                -91.381057052466076,
                                17.791539535536863
                            ],
                            [
                                -91.381010971367857,
                                17.791535825870195
                            ],
                            [
                                -91.380556531270429,
                                17.791499206537143
                            ],
                            [
                                -91.38068119267416,
                                17.790124886587964
                            ],
                            [
                                -91.380690802693451,
                                17.790017346622736
                            ],
                            [
                                -91.3806932827395,
                                17.789989545722893
                            ],
                            [
                                -91.380745362213972,
                                17.789453205803358
                            ],
                            [
                                -91.381262480727713,
                                17.78948968672324
                            ],
                            [
                                -91.381618712256781,
                                17.789516376173097
                            ],
                            [
                                -91.381752971215121,
                                17.789522576837886
                            ],
                            [
                                -91.382260550450908,
                                17.789553874946577
                            ],
                            [
                                -91.382086546308997,
                                17.791625275717649
                            ]
                        ]
                    ]
                ]
            }
        },
        {
            "type": "Feature",
            "properties": {
                "EDICION": "2025",
                "VERSION": "1",
                "TIPO_GEO": "l",
                "CVEGEO": "270010605",
                "CVE_ENT": "27",
                "CVE_MUN": "001",
                "CVE_LOC": "0605",
                "NOMGEO": "Cuauhtemoc",
                "AMBITO": "Rural"
            },
            "geometry": {
                "type": "MultiPolygon",
                "coordinates": [
                    [
                        [
                            [
                                -91.057796482144511,
                                17.832369163903746
                            ],
                            [
                                -91.057788735972451,
                                17.834510452646246
                            ],
                            [
                                -91.05778056729541,
                                17.837430178615492
                            ],
                            [
                                -91.05778185744893,
                                17.837823084810861
                            ],
                            [
                                -91.054746370412033,
                                17.834915194140848
                            ],
                            [
                                -91.054232200448155,
                                17.834437365024744
                            ],
                            [
                                -91.053997620081915,
                                17.834203673595173
                            ],
                            [
                                -91.053976770995874,
                                17.834183274865612
                            ],
                            [
                                -91.053955430570895,
                                17.83416241400559
                            ],
                            [
                                -91.053232940270945,
                                17.833462274440169
                            ],
                            [
                                -91.053213801033152,
                                17.833443014523564
                            ],
                            [
                                -91.053193919271322,
                                17.833423023831585
                            ],
                            [
                                -91.052914450858893,
                                17.833131105162209
                            ],
                            [
                                -91.052829821419351,
                                17.83304270444664
                            ],
                            [
                                -91.052820770865054,
                                17.832940895491639
                            ],
                            [
                                -91.052816420725549,
                                17.832891425528274
                            ],
                            [
                                -91.05281031083716,
                                17.832822215103945
                            ],
                            [
                                -91.052808850811203,
                                17.832356134642719
                            ],
                            [
                                -91.052808080459187,
                                17.831958525101527
                            ],
                            [
                                -91.05280872090934,
                                17.831468985524303
                            ],
                            [
                                -91.052809480760686,
                                17.83090532485199
                            ],
                            [
                                -91.052766692715494,
                                17.830046897484866
                            ],
                            [
                                -91.053608647807678,
                                17.830053657094055
                            ],
                            [
                                -91.055151084033938,
                                17.830067036044372
                            ],
                            [
                                -91.055349618369689,
                                17.830067893594368
                            ],
                            [
                                -91.057784548345978,
                                17.830072292874021
                            ],
                            [
                                -91.057796482144511,
                                17.832369163903746
                            ]
                        ]
                    ]
                ]
            }
        },
        {
            "type": "Feature",
            "properties": {
                "EDICION": "2025",
                "VERSION": "1",
                "TIPO_GEO": "l",
                "CVEGEO": "270010366",
                "CVE_ENT": "27",
                "CVE_MUN": "001",
                "CVE_LOC": "0366",
                "NOMGEO": "Plan de Guadalupe Seccion Central",
                "AMBITO": "Rural"
            },
            "geometry": {
                "type": "MultiPolygon",
                "coordinates": [
                    [
                        [
                            [
                                -91.391952196684784,
                                17.943992036512178
                            ],
                            [
                                -91.391802096736924,
                                17.944062572911978
                            ],
                            [
                                -91.391609902350197,
                                17.944113995449097
                            ],
                            [
                                -91.391350782540471,
                                17.944164331937905
                            ],
                            [
                                -91.391109862361702,
                                17.94418717539288
                            ],
                            [
                                -91.390804620820134,
                                17.944146108146143
                            ],
                            [
                                -91.390409452761247,
                                17.94408763417578
                            ],
                            [
                                -91.390235989734961,
                                17.944059794164232
                            ],
                            [
                                -91.389912228626713,
                                17.944019106833451
                            ],
                            [
                                -91.389913449441636,
                                17.943934416821833
                            ],
                            [
                                -91.389902426971204,
                                17.943190328088662
                            ],
                            [
                                -91.389902806982732,
                                17.94304050241097
                            ],
                            [
                                -91.389888682096213,
                                17.942899858828252
                            ],
                            [
                                -91.38986268286429,
                                17.942865127307108
                            ],
                            [
                                -91.389856162973672,
                                17.942296749178546
                            ],
                            [
                                -91.389854855925606,
                                17.941737117257937
                            ],
                            [
                                -91.389850649141962,
                                17.94121153442822
                            ],
                            [
                                -91.390674707908389,
                                17.941196909937045
                            ],
                            [
                                -91.390790128093499,
                                17.941175858743236
                            ],
                            [
                                -91.391005136800743,
                                17.941696790061862
                            ],
                            [
                                -91.391226498497431,
                                17.942236746239949
                            ],
                            [
                                -91.391463748216637,
                                17.942779138602923
                            ],
                            [
                                -91.391952196684784,
                                17.943992036512178
                            ]
                        ]
                    ]
                ]
            }
        },
        {
            "type": "Feature",
            "properties": {
                "EDICION": "2025",
                "VERSION": "1",
                "TIPO_GEO": "l",
                "CVEGEO": "270010033",
                "CVE_ENT": "27",
                "CVE_MUN": "001",
                "CVE_LOC": "0033",
                "NOMGEO": "La Huleria",
                "AMBITO": "Rural"
            },
            "geometry": {
                "type": "MultiPolygon",
                "coordinates": [
                    [
                        [
                            [
                                -91.38510302889388,
                                17.993934743161933
                            ],
                            [
                                -91.385119618886151,
                                17.993822833383522
                            ],
                            [
                                -91.385136214645698,
                                17.993710922220291
                            ],
                            [
                                -91.385152800570552,
                                17.993599003124707
                            ],
                            [
                                -91.385179850651951,
                                17.993390893540724
                            ],
                            [
                                -91.385183850543669,
                                17.993360173594453
                            ],
                            [
                                -91.385197370551197,
                                17.993256183308791
                            ],
                            [
                                -91.385211957571016,
                                17.993144023631906
                            ],
                            [
                                -91.385226538738735,
                                17.993031853585261
                            ],
                            [
                                -91.385241125537149,
                                17.992919683957926
                            ],
                            [
                                -91.385255707599612,
                                17.992807514014313
                            ],
                            [
                                -91.38527028485619,
                                17.99269534465623
                            ],
                            [
                                -91.385275730777664,
                                17.992653483600176
                            ],
                            [
                                -91.385282800816029,
                                17.992599064090072
                            ],
                            [
                                -91.385291600596702,
                                17.992535663510331
                            ],
                            [
                                -91.385298361140158,
                                17.992487023457169
                            ],
                            [
                                -91.385307171273098,
                                17.992423623623051
                            ],
                            [
                                -91.385313930689293,
                                17.992374973524157
                            ],
                            [
                                -91.385322731313778,
                                17.992311573933303
                            ],
                            [
                                -91.3853294812249,
                                17.992262924075249
                            ],
                            [
                                -91.385338291329063,
                                17.992199524261324
                            ],
                            [
                                -91.385345050896987,
                                17.992150884164541
                            ],
                            [
                                -91.385353850620177,
                                17.99208748362517
                            ],
                            [
                                -91.38536062131223,
                                17.992038834351902
                            ],
                            [
                                -91.385369420847255,
                                17.991975423835999
                            ],
                            [
                                -91.385376170725351,
                                17.99192677400125
                            ],
                            [
                                -91.385384971362228,
                                17.991863373548956
                            ],
                            [
                                -91.385391741089762,
                                17.991814724224309
                            ],
                            [
                                -91.385400540769837,
                                17.991751323715221
                            ],
                            [
                                -91.385407290799577,
                                17.991702683882536
                            ],
                            [
                                -91.385416091337845,
                                17.991639284352232
                            ],
                            [
                                -91.385422861113227,
                                17.991590634141275
                            ],
                            [
                                -91.385431661215989,
                                17.991527264513998
                            ],
                            [
                                -91.385443390464147,
                                17.991443054294255
                            ],
                            [
                                -91.385447250651538,
                                17.991415224320928
                            ],
                            [
                                -91.385458970212781,
                                17.991331004361179
                            ],
                            [
                                -91.385463001021805,
                                17.991302024043204
                            ],
                            [
                                -91.385467490718838,
                                17.991269714051263
                            ],
                            [
                                -91.385478430983511,
                                17.99119112414888
                            ],
                            [
                                -91.385485850729538,
                                17.991137863921001
                            ],
                            [
                                -91.385494030952842,
                                17.991079093829612
                            ],
                            [
                                -91.385501450443073,
                                17.991025824525408
                            ],
                            [
                                -91.385509621229005,
                                17.990967053774778
                            ],
                            [
                                -91.385517031109259,
                                17.990913773823795
                            ],
                            [
                                -91.385520680495844,
                                17.990887624540971
                            ],
                            [
                                -91.385564680894049,
                                17.990892453775086
                            ],
                            [
                                -91.385594029561773,
                                17.990895670397101
                            ],
                            [
                                -91.385711389515208,
                                17.99090855703249
                            ],
                            [
                                -91.385828739403735,
                                17.990921439233571
                            ],
                            [
                                -91.385923369819665,
                                17.990931828096446
                            ],
                            [
                                -91.385960421022844,
                                17.990935893974257
                            ],
                            [
                                -91.385997220780993,
                                17.990939927495603
                            ],
                            [
                                -91.386084560043386,
                                17.990949526945869
                            ],
                            [
                                -91.386201910071833,
                                17.990962407953841
                            ],
                            [
                                -91.386319260052503,
                                17.990975289771992
                            ],
                            [
                                -91.38635599061675,
                                17.990979323735495
                            ],
                            [
                                -91.386415509281022,
                                17.990985858451765
                            ],
                            [
                                -91.38646102038328,
                                17.990990856253365
                            ],
                            [
                                -91.386532880697686,
                                17.990998745247996
                            ],
                            [
                                -91.386578371005612,
                                17.991003742444999
                            ],
                            [
                                -91.386650229728133,
                                17.991011627642632
                            ],
                            [
                                -91.386695730411134,
                                17.991016625539537
                            ],
                            [
                                -91.386767590752456,
                                17.991024514421952
                            ],
                            [
                                -91.386840110686236,
                                17.991031864300975
                            ],
                            [
                                -91.386957740461668,
                                17.991042187570191
                            ],
                            [
                                -91.387075369975264,
                                17.991052514354482
                            ],
                            [
                                -91.387193000728431,
                                17.991062837506202
                            ],
                            [
                                -91.387241820042561,
                                17.991067124007468
                            ],
                            [
                                -91.387246511720619,
                                17.991037680968141
                            ],
                            [
                                -91.387252155192428,
                                17.991002092397697
                            ],
                            [
                                -91.387263402456924,
                                17.990931231623918
                            ],
                            [
                                -91.387269891588886,
                                17.99089034143714
                            ],
                            [
                                -91.387281127316541,
                                17.990819482577429
                            ],
                            [
                                -91.387287617206425,
                                17.990778582477247
                            ],
                            [
                                -91.387298864364354,
                                17.990707722627103
                            ],
                            [
                                -91.387305348763135,
                                17.99066683211867
                            ],
                            [
                                -91.38731659010864,
                                17.990595973681987
                            ],
                            [
                                -91.387323079208826,
                                17.990555083514174
                            ],
                            [
                                -91.387334321618169,
                                17.990484223351693
                            ],
                            [
                                -91.387340811476349,
                                17.990443323270451
                            ],
                            [
                                -91.387352053867374,
                                17.990372463118909
                            ],
                            [
                                -91.387358535337341,
                                17.990331573330689
                            ],
                            [
                                -91.387369783364434,
                                17.990260713591212
                            ],
                            [
                                -91.387376271490581,
                                17.990219823375483
                            ],
                            [
                                -91.387387505049702,
                                17.990148954461191
                            ],
                            [
                                -91.387393994177572,
                                17.990108063416795
                            ],
                            [
                                -91.38740524311045,
                                17.990037203766061
                            ],
                            [
                                -91.387411725561009,
                                17.989996313161843
                            ],
                            [
                                -91.387422966796677,
                                17.989925454790818
                            ],
                            [
                                -91.387429456602007,
                                17.989884554741167
                            ],
                            [
                                -91.387440704695578,
                                17.989813693241892
                            ],
                            [
                                -91.387447186042891,
                                17.989772804387076
                            ],
                            [
                                -91.387458428324067,
                                17.989701944301203
                            ],
                            [
                                -91.387464912488056,
                                17.989661055653201
                            ],
                            [
                                -91.387476159428729,
                                17.989590184122381
                            ],
                            [
                                -91.387482648363957,
                                17.989549294913196
                            ],
                            [
                                -91.387493890608511,
                                17.989478434849236
                            ],
                            [
                                -91.387500374821229,
                                17.989437545312096
                            ],
                            [
                                -91.387511619944533,
                                17.989366684557886
                            ],
                            [
                                -91.387518110639363,
                                17.989325784606653
                            ],
                            [
                                -91.387533130169516,
                                17.98925658437452
                            ],
                            [
                                -91.387593452310227,
                                17.989310092577163
                            ],
                            [
                                -91.387687092351953,
                                17.98939315121369
                            ],
                            [
                                -91.387772740718034,
                                17.989469114318265
                            ],
                            [
                                -91.387860360271418,
                                17.989546824865773
                            ],
                            [
                                -91.387947000327586,
                                17.989623664319449
                            ],
                            [
                                -91.388033628788421,
                                17.989700495648837
                            ],
                            [
                                -91.38812019019467,
                                17.989777264142138
                            ],
                            [
                                -91.388206894516998,
                                17.989854170576557
                            ],
                            [
                                -91.38824190983371,
                                17.989885224108349
                            ],
                            [
                                -91.388292293488774,
                                17.98992991078255
                            ],
                            [
                                -91.388327481121905,
                                17.98996111343693
                            ],
                            [
                                -91.388412859948644,
                                17.990036834013484
                            ],
                            [
                                -91.388500757002376,
                                17.990114787853734
                            ],
                            [
                                -91.388587388351667,
                                17.990191626336394
                            ],
                            [
                                -91.388674019797904,
                                17.990268464778183
                            ],
                            [
                                -91.388705629754043,
                                17.990297254618515
                            ],
                            [
                                -91.3887545701226,
                                17.990341824265798
                            ],
                            [
                                -91.388781219817645,
                                17.990366083970326
                            ],
                            [
                                -91.388866789787826,
                                17.990444004028262
                            ],
                            [
                                -91.388952359855182,
                                17.990521924046753
                            ],
                            [
                                -91.389037910263454,
                                17.990599854412288
                            ],
                            [
                                -91.389048159635848,
                                17.99060918459535
                            ],
                            [
                                -91.389092960400077,
                                17.990649984056027
                            ],
                            [
                                -91.389197399835766,
                                17.990745094052436
                            ],
                            [
                                -91.389282969510219,
                                17.990823023838242
                            ],
                            [
                                -91.389368539980325,
                                17.990900944566718
                            ],
                            [
                                -91.389454109675029,
                                17.990978864287115
                            ],
                            [
                                -91.389539679466907,
                                17.991056783968034
                            ],
                            [
                                -91.389625249460209,
                                17.99113471449791
                            ],
                            [
                                -91.389710799516124,
                                17.991212634499949
                            ],
                            [
                                -91.389735590052624,
                                17.991237094058935
                            ],
                            [
                                -91.389817820038928,
                                17.991318254108613
                            ],
                            [
                                -91.389900049600143,
                                17.991399384163589
                            ],
                            [
                                -91.389982279780952,
                                17.991480544143453
                            ],
                            [
                                -91.39006450988488,
                                17.991561694101826
                            ],
                            [
                                -91.390146739317771,
                                17.991642853945049
                            ],
                            [
                                -91.390228969267923,
                                17.991723983860375
                            ],
                            [
                                -91.39031119983774,
                                17.991805143700621
                            ],
                            [
                                -91.390399339769431,
                                17.99189211410695
                            ],
                            [
                                -91.390498449596436,
                                17.991970183760671
                            ],
                            [
                                -91.390533600815388,
                                17.991982452216991
                            ],
                            [
                                -91.390621309920363,
                                17.992013053761632
                            ],
                            [
                                -91.390732279156879,
                                17.992051773491458
                            ],
                            [
                                -91.390826309497669,
                                17.992089633778871
                            ],
                            [
                                -91.390845879165767,
                                17.992097513868835
                            ],
                            [
                                -91.390909829227439,
                                17.992134174038309
                            ],
                            [
                                -91.391011168957107,
                                17.992192253495432
                            ],
                            [
                                -91.391114309146175,
                                17.992251373654483
                            ],
                            [
                                -91.391154649630664,
                                17.992278653954298
                            ],
                            [
                                -91.391251129584859,
                                17.992343863879746
                            ],
                            [
                                -91.391350159022622,
                                17.992411283834493
                            ],
                            [
                                -91.391404049491442,
                                17.992458053431449
                            ],
                            [
                                -91.391491559414774,
                                17.992533974210481
                            ],
                            [
                                -91.391579059068249,
                                17.992609894212329
                            ],
                            [
                                -91.391666569429233,
                                17.992685823991806
                            ],
                            [
                                -91.391754078944672,
                                17.992761753662371
                            ],
                            [
                                -91.391841589499322,
                                17.992837683357582
                            ],
                            [
                                -91.391930059412488,
                                17.992914453579715
                            ],
                            [
                                -91.391987969183418,
                                17.992969603437352
                            ],
                            [
                                -91.392071681047284,
                                17.993049351286885
                            ],
                            [
                                -91.392155399082029,
                                17.993129094089632
                            ],
                            [
                                -91.392215359535115,
                                17.993221923309452
                            ],
                            [
                                -91.392235509015123,
                                17.993305543514861
                            ],
                            [
                                -91.392244999214867,
                                17.993393883812018
                            ],
                            [
                                -91.392243822013398,
                                17.993427343785797
                            ],
                            [
                                -91.392239861318089,
                                17.993540313457256
                            ],
                            [
                                -91.392235906270869,
                                17.993653283549325
                            ],
                            [
                                -91.39223196882908,
                                17.993765463315626
                            ],
                            [
                                -91.392231598324074,
                                17.993838433270724
                            ],
                            [
                                -91.392231020625189,
                                17.993951463345692
                            ],
                            [
                                -91.392230448649812,
                                17.99406449293955
                            ],
                            [
                                -91.392230188848558,
                                17.994301283723967
                            ],
                            [
                                -91.392147709028407,
                                17.994289683146327
                            ],
                            [
                                -91.392088588219451,
                                17.994281686489305
                            ],
                            [
                                -91.391971618136964,
                                17.994265866684032
                            ],
                            [
                                -91.391854649547298,
                                17.994250052332269
                            ],
                            [
                                -91.391737679448909,
                                17.994234233247003
                            ],
                            [
                                -91.391620199522094,
                                17.994218353435794
                            ],
                            [
                                -91.391528338844495,
                                17.994204435232717
                            ],
                            [
                                -91.391411658731485,
                                17.994186756753098
                            ],
                            [
                                -91.391294999102755,
                                17.994169083260523
                            ],
                            [
                                -91.391177029764307,
                                17.99415142379981
                            ],
                            [
                                -91.39105921944855,
                                17.994143066108609
                            ],
                            [
                                -91.390941419164662,
                                17.994134713569125
                            ],
                            [
                                -91.390911729159143,
                                17.994131122917643
                            ],
                            [
                                -91.390794529466746,
                                17.994116973363298
                            ],
                            [
                                -91.390677329030254,
                                17.994102833637442
                            ],
                            [
                                -91.390560129456034,
                                17.994088682998644
                            ],
                            [
                                -91.390442930010224,
                                17.994074543156927
                            ],
                            [
                                -91.390325729297885,
                                17.994060383183779
                            ],
                            [
                                -91.390208079698866,
                                17.994046183122997
                            ],
                            [
                                -91.390159740696802,
                                17.994039657576142
                            ],
                            [
                                -91.390042770065108,
                                17.99402384889666
                            ],
                            [
                                -91.389925820647292,
                                17.994008047976092
                            ],
                            [
                                -91.389808849615974,
                                17.993992232735437
                            ],
                            [
                                -91.389691879588412,
                                17.993976429260897
                            ],
                            [
                                -91.389574910006957,
                                17.993960620284692
                            ],
                            [
                                -91.389457940905871,
                                17.993944817597026
                            ],
                            [
                                -91.389340989703541,
                                17.993929004298188
                            ],
                            [
                                -91.389224019713879,
                                17.993913201361899
                            ],
                            [
                                -91.389107048704602,
                                17.993897387379373
                            ],
                            [
                                -91.388990079781209,
                                17.993881583426365
                            ],
                            [
                                -91.38893558887888,
                                17.993874900431209
                            ],
                            [
                                -91.388818428189836,
                                17.993860532639371
                            ],
                            [
                                -91.388701255692823,
                                17.993846158476526
                            ],
                            [
                                -91.388584085279277,
                                17.99383179434265
                            ],
                            [
                                -91.388552329847897,
                                17.993827943375166
                            ],
                            [
                                -91.388547131334022,
                                17.993858573830863
                            ],
                            [
                                -91.3885272531287,
                                17.993975694717111
                            ],
                            [
                                -91.388508324733522,
                                17.994087281975208
                            ],
                            [
                                -91.388489388070795,
                                17.994198853251188
                            ],
                            [
                                -91.38847045717155,
                                17.994310423141442
                            ],
                            [
                                -91.38845152606757,
                                17.994421983062015
                            ],
                            [
                                -91.388432586903107,
                                17.994533573259591
                            ],
                            [
                                -91.388413689816517,
                                17.994644913476233
                            ],
                            [
                                -91.388395734881243,
                                17.994756482846959
                            ],
                            [
                                -91.388377754113861,
                                17.994868201832755
                            ],
                            [
                                -91.388359768221491,
                                17.994979913220195
                            ],
                            [
                                -91.388341786383251,
                                17.995091633075273
                            ],
                            [
                                -91.388323801514431,
                                17.99520334276033
                            ],
                            [
                                -91.388319419824853,
                                17.995230632698107
                            ],
                            [
                                -91.388314739181695,
                                17.995259653283981
                            ],
                            [
                                -91.388307478066793,
                                17.995304773449035
                            ],
                            [
                                -91.388289492129871,
                                17.995416484001812
                            ],
                            [
                                -91.388271520753591,
                                17.995528201953885
                            ],
                            [
                                -91.388253534827982,
                                17.995639911639195
                            ],
                            [
                                -91.388235555574283,
                                17.995751632698038
                            ],
                            [
                                -91.388217566866786,
                                17.995863353105626
                            ],
                            [
                                -91.388199586508009,
                                17.995975063243499
                            ],
                            [
                                -91.388181599696722,
                                17.996086782917295
                            ],
                            [
                                -91.388163616799943,
                                17.996198512862318
                            ],
                            [
                                -91.388145632513641,
                                17.996310223686088
                            ],
                            [
                                -91.388138260145354,
                                17.996356032422455
                            ],
                            [
                                -91.388108820280749,
                                17.996352509753251
                            ],
                            [
                                -91.388026710664334,
                                17.996342648776984
                            ],
                            [
                                -91.387909490178274,
                                17.996328573537319
                            ],
                            [
                                -91.387792280187384,
                                17.996314509830082
                            ],
                            [
                                -91.387754930386379,
                                17.996310022510954
                            ],
                            [
                                -91.38740947649066,
                                17.996267693052189
                            ],
                            [
                                -91.387317190712565,
                                17.996256372639525
                            ],
                            [
                                -91.387268857557586,
                                17.996250484048705
                            ],
                            [
                                -91.387152728243052,
                                17.996236269803276
                            ],
                            [
                                -91.387035558113737,
                                17.996221925414488
                            ],
                            [
                                -91.3869183699627,
                                17.996207581467839
                            ],
                            [
                                -91.386878540417939,
                                17.996202713090558
                            ],
                            [
                                -91.386839109214634,
                                17.99619788928208
                            ],
                            [
                                -91.386796589740456,
                                17.996192685887248
                            ],
                            [
                                -91.386679420488193,
                                17.996178343091508
                            ],
                            [
                                -91.386529290932714,
                                17.996159622668166
                            ],
                            [
                                -91.386372890761848,
                                17.996140782767167
                            ],
                            [
                                -91.386255430262537,
                                17.996126652916626
                            ],
                            [
                                -91.386138220337472,
                                17.996112542562845
                            ],
                            [
                                -91.386104450764932,
                                17.996108482918405
                            ],
                            [
                                -91.386046590691549,
                                17.996101512728789
                            ],
                            [
                                -91.385929280876482,
                                17.996087383334622
                            ],
                            [
                                -91.385812190568927,
                                17.996073283021776
                            ],
                            [
                                -91.38571200034724,
                                17.996061223092472
                            ],
                            [
                                -91.385675021097072,
                                17.996056773324316
                            ],
                            [
                                -91.385638941041591,
                                17.996052422705709
                            ],
                            [
                                -91.385577790716567,
                                17.996045062936087
                            ],
                            [
                                -91.385531510966103,
                                17.996039482676732
                            ],
                            [
                                -91.385460600618202,
                                17.996030942569856
                            ],
                            [
                                -91.385343370855708,
                                17.996016832897755
                            ],
                            [
                                -91.385297091298071,
                                17.996011262552972
                            ],
                            [
                                -91.385259690803395,
                                17.996006782793717
                            ],
                            [
                                -91.385108961282555,
                                17.995988617725299
                            ],
                            [
                                -91.384991759831593,
                                17.995974497994922
                            ],
                            [
                                -91.384895059601192,
                                17.995962856508534
                            ],
                            [
                                -91.384848741439896,
                                17.995957283284135
                            ],
                            [
                                -91.384853282024096,
                                17.995910232781227
                            ],
                            [
                                -91.38486414429029,
                                17.995797684130675
                            ],
                            [
                                -91.384868366372103,
                                17.995753924334206
                            ],
                            [
                                -91.384875007447121,
                                17.995685123775569
                            ],
                            [
                                -91.384879225925971,
                                17.995641373705602
                            ],
                            [
                                -91.384911830765091,
                                17.995303712916645
                            ],
                            [
                                -91.384929340870215,
                                17.995122323553023
                            ],
                            [
                                -91.384933761264548,
                                17.99507649324018
                            ],
                            [
                                -91.384950191128922,
                                17.994965662729882
                            ],
                            [
                                -91.384966787025078,
                                17.994853753190842
                            ],
                            [
                                -91.384971091424802,
                                17.994824693288646
                            ],
                            [
                                -91.384986889147328,
                                17.994718143197446
                            ],
                            [
                                -91.385003479329015,
                                17.994606233296128
                            ],
                            [
                                -91.385020075104308,
                                17.994494312023299
                            ],
                            [
                                -91.385036661322388,
                                17.994382403693145
                            ],
                            [
                                -91.385053252261457,
                                17.994270483022934
                            ],
                            [
                                -91.385069847047106,
                                17.99415857352616
                            ],
                            [
                                -91.385086432311525,
                                17.994046664280077
                            ],
                            [
                                -91.38510302889388,
                                17.993934743161933
                            ]
                        ]
                    ]
                ]
            }
        },
        {
            "type": "Feature",
            "properties": {
                "EDICION": "2025",
                "VERSION": "1",
                "TIPO_GEO": "l",
                "CVEGEO": "270010047",
                "CVE_ENT": "27",
                "CVE_MUN": "001",
                "CVE_LOC": "0047",
                "NOMGEO": "Multe",
                "AMBITO": "Rural"
            },
            "geometry": {
                "type": "MultiPolygon",
                "coordinates": [
                    [
                        [
                            [
                                -91.380113492881733,
                                17.692677142155148
                            ],
                            [
                                -91.379862772843438,
                                17.692356762013048
                            ],
                            [
                                -91.379726372376084,
                                17.692150341958722
                            ],
                            [
                                -91.379668112995716,
                                17.692056901102642
                            ],
                            [
                                -91.379586293046643,
                                17.691886371647726
                            ],
                            [
                                -91.379505231957339,
                                17.691709680595309
                            ],
                            [
                                -91.37938165225664,
                                17.691442420808269
                            ],
                            [
                                -91.379304282753324,
                                17.691189051093424
                            ],
                            [
                                -91.379159592072014,
                                17.690631402411139
                            ],
                            [
                                -91.379117691710562,
                                17.690472501316847
                            ],
                            [
                                -91.378978563430465,
                                17.69000240108171
                            ],
                            [
                                -91.378855173214106,
                                17.689508162976985
                            ],
                            [
                                -91.378549032925065,
                                17.688341742210408
                            ],
                            [
                                -91.378416202825264,
                                17.687665731714585
                            ],
                            [
                                -91.378046542599364,
                                17.687725941535771
                            ],
                            [
                                -91.378014452562638,
                                17.68771499301295
                            ],
                            [
                                -91.377988562215123,
                                17.687467993249523
                            ],
                            [
                                -91.377904732866568,
                                17.686873422933765
                            ],
                            [
                                -91.377841062922826,
                                17.686470832166314
                            ],
                            [
                                -91.377840633058511,
                                17.686451223397917
                            ],
                            [
                                -91.377836993767644,
                                17.686422972142669
                            ],
                            [
                                -91.377824602886008,
                                17.686192302244368
                            ],
                            [
                                -91.377800232627507,
                                17.685915022455095
                            ],
                            [
                                -91.377799202970962,
                                17.68589070353098
                            ],
                            [
                                -91.377749422546586,
                                17.68540777235398
                            ],
                            [
                                -91.377721912610511,
                                17.685113502803819
                            ],
                            [
                                -91.377722801913748,
                                17.685087063680577
                            ],
                            [
                                -91.377700313146022,
                                17.684845113877394
                            ],
                            [
                                -91.377679402073895,
                                17.684478912354866
                            ],
                            [
                                -91.377681002440141,
                                17.684450542638473
                            ],
                            [
                                -91.377680083059033,
                                17.684423162844105
                            ],
                            [
                                -91.377669432270579,
                                17.684315712554366
                            ],
                            [
                                -91.377712022109648,
                                17.683823914419769
                            ],
                            [
                                -91.377712593828733,
                                17.683795593016125
                            ],
                            [
                                -91.377717533413971,
                                17.683682824176845
                            ],
                            [
                                -91.377731632249919,
                                17.683400623326467
                            ],
                            [
                                -91.377734363529825,
                                17.683365362767201
                            ],
                            [
                                -91.377749893937263,
                                17.683131113381197
                            ],
                            [
                                -91.377839992630712,
                                17.682655833197156
                            ],
                            [
                                -91.377901063857621,
                                17.682347174388592
                            ],
                            [
                                -91.377916562782588,
                                17.682200343778337
                            ],
                            [
                                -91.377911292990973,
                                17.682161742719622
                            ],
                            [
                                -91.377924172876931,
                                17.682066434334246
                            ],
                            [
                                -91.377956823703798,
                                17.681911403576361
                            ],
                            [
                                -91.377979832979335,
                                17.681720603956983
                            ],
                            [
                                -91.378065692122263,
                                17.68146519411464
                            ],
                            [
                                -91.378106571634518,
                                17.681350573672134
                            ],
                            [
                                -91.378184052550694,
                                17.681191943368312
                            ],
                            [
                                -91.378292282586941,
                                17.680900765057366
                            ],
                            [
                                -91.378341832217828,
                                17.680784035167072
                            ],
                            [
                                -91.378356993089866,
                                17.680750034008078
                            ],
                            [
                                -91.378401993241226,
                                17.680666454031325
                            ],
                            [
                                -91.378659172770327,
                                17.68009302440009
                            ],
                            [
                                -91.378707431997697,
                                17.679973023496665
                            ],
                            [
                                -91.378870261942552,
                                17.679648514080764
                            ],
                            [
                                -91.378951832741436,
                                17.679488884252201
                            ],
                            [
                                -91.379408482909099,
                                17.678585514584135
                            ],
                            [
                                -91.379434234243774,
                                17.678592484672908
                            ],
                            [
                                -91.379627363458695,
                                17.67864857440463
                            ],
                            [
                                -91.379978421494002,
                                17.678763004349708
                            ],
                            [
                                -91.380317511225641,
                                17.678887764322795
                            ],
                            [
                                -91.380637101740575,
                                17.67901698440399
                            ],
                            [
                                -91.38064689165752,
                                17.67902728553636
                            ],
                            [
                                -91.380642098415905,
                                17.679073735236113
                            ],
                            [
                                -91.380449892584224,
                                17.679576793955587
                            ],
                            [
                                -91.380237171939285,
                                17.680142515082618
                            ],
                            [
                                -91.380049342538101,
                                17.680662335016645
                            ],
                            [
                                -91.37993722129653,
                                17.681001744740026
                            ],
                            [
                                -91.379870444317788,
                                17.681190097015357
                            ],
                            [
                                -91.379762181142681,
                                17.681646890535326
                            ],
                            [
                                -91.379697332637036,
                                17.682052304545699
                            ],
                            [
                                -91.379621532123352,
                                17.682581733056718
                            ],
                            [
                                -91.38005877227566,
                                17.682658652876245
                            ],
                            [
                                -91.379932083271598,
                                17.683259143053373
                            ],
                            [
                                -91.379886772117345,
                                17.68375366377127
                            ],
                            [
                                -91.379934822843367,
                                17.68427391271301
                            ],
                            [
                                -91.379461913096335,
                                17.684327062804382
                            ],
                            [
                                -91.379444793278694,
                                17.684444902767275
                            ],
                            [
                                -91.379410792577033,
                                17.685011062435997
                            ],
                            [
                                -91.379456002997202,
                                17.685639973277528
                            ],
                            [
                                -91.379969911925386,
                                17.685577632644598
                            ],
                            [
                                -91.380010652968238,
                                17.686058863107093
                            ],
                            [
                                -91.380026601745143,
                                17.686202532985956
                            ],
                            [
                                -91.380237602514157,
                                17.686762682480854
                            ],
                            [
                                -91.380261478483746,
                                17.686835835815124
                            ],
                            [
                                -91.380335714101221,
                                17.687063202151045
                            ],
                            [
                                -91.380363993145181,
                                17.687149821921338
                            ],
                            [
                                -91.38038874226325,
                                17.68733526259636
                            ],
                            [
                                -91.380527861949787,
                                17.687426052517477
                            ],
                            [
                                -91.380863631624536,
                                17.687731452168869
                            ],
                            [
                                -91.38019259297667,
                                17.688018992276657
                            ],
                            [
                                -91.379978762729493,
                                17.68808942298342
                            ],
                            [
                                -91.380086252511191,
                                17.688581481363219
                            ],
                            [
                                -91.380499372085112,
                                17.688504801868262
                            ],
                            [
                                -91.380566307110925,
                                17.688654289089865
                            ],
                            [
                                -91.380577927632814,
                                17.688680236636582
                            ],
                            [
                                -91.380759452688579,
                                17.689085631396527
                            ],
                            [
                                -91.381023032843473,
                                17.68965902140517
                            ],
                            [
                                -91.381065401429737,
                                17.689751171095907
                            ],
                            [
                                -91.381252972272009,
                                17.69017483105954
                            ],
                            [
                                -91.381276861660183,
                                17.690228801482004
                            ],
                            [
                                -91.381333332649405,
                                17.690319110717187
                            ],
                            [
                                -91.38139866133163,
                                17.690473201966636
                            ],
                            [
                                -91.381601021767949,
                                17.691013082035141
                            ],
                            [
                                -91.381731480960354,
                                17.691333741365799
                            ],
                            [
                                -91.381792111382708,
                                17.691428250682929
                            ],
                            [
                                -91.382149221201942,
                                17.69193566185087
                            ],
                            [
                                -91.38227402078563,
                                17.692148541461034
                            ],
                            [
                                -91.382297761726136,
                                17.692197731324448
                            ],
                            [
                                -91.382385141700084,
                                17.692378761690282
                            ],
                            [
                                -91.382442132420394,
                                17.692437861345937
                            ],
                            [
                                -91.382713620705928,
                                17.692551591078416
                            ],
                            [
                                -91.383524490566302,
                                17.692249510956724
                            ],
                            [
                                -91.383747310735473,
                                17.692167282317115
                            ],
                            [
                                -91.383826231860922,
                                17.692155701139566
                            ],
                            [
                                -91.384125631150425,
                                17.692360160822691
                            ],
                            [
                                -91.384228430762874,
                                17.692434452060304
                            ],
                            [
                                -91.384762890410684,
                                17.692621901257901
                            ],
                            [
                                -91.385572589821507,
                                17.692806621833583
                            ],
                            [
                                -91.385930851437564,
                                17.692884819992234
                            ],
                            [
                                -91.385877621425152,
                                17.693341730432479
                            ],
                            [
                                -91.385854021367123,
                                17.69353420159803
                            ],
                            [
                                -91.385836389985499,
                                17.693677990722758
                            ],
                            [
                                -91.385786361385442,
                                17.694176310730324
                            ],
                            [
                                -91.385767960490782,
                                17.694359530144265
                            ],
                            [
                                -91.385750830790201,
                                17.694540030356713
                            ],
                            [
                                -91.385721461183948,
                                17.694824099937595
                            ],
                            [
                                -91.385684430866888,
                                17.694978129782182
                            ],
                            [
                                -91.385618190223596,
                                17.69530437151376
                            ],
                            [
                                -91.385552961697911,
                                17.695516570100732
                            ],
                            [
                                -91.384658591298916,
                                17.695257129681
                            ],
                            [
                                -91.383845251127696,
                                17.695030830792092
                            ],
                            [
                                -91.383558371253315,
                                17.694939660418235
                            ],
                            [
                                -91.383137790299315,
                                17.694788080735186
                            ],
                            [
                                -91.382824061170652,
                                17.694685329845786
                            ],
                            [
                                -91.38257253236057,
                                17.694593700535492
                            ],
                            [
                                -91.382375202099155,
                                17.694503030836493
                            ],
                            [
                                -91.38204846127374,
                                17.694339331071564
                            ],
                            [
                                -91.38172369271868,
                                17.694125861373969
                            ],
                            [
                                -91.381034162922475,
                                17.693626370169799
                            ],
                            [
                                -91.380810032735695,
                                17.693440800528268
                            ],
                            [
                                -91.380540682001424,
                                17.693163801926719
                            ],
                            [
                                -91.380368022788957,
                                17.692976971009877
                            ],
                            [
                                -91.380209342810687,
                                17.692806450773332
                            ],
                            [
                                -91.380113492881733,
                                17.692677142155148
                            ]
                        ]
                    ]
                ]
            }
        },
        {
            "type": "Feature",
            "properties": {
                "EDICION": "2025",
                "VERSION": "1",
                "TIPO_GEO": "l",
                "CVEGEO": "270010336",
                "CVE_ENT": "27",
                "CVE_MUN": "001",
                "CVE_LOC": "0336",
                "NOMGEO": "Plan de Guadalupe",
                "AMBITO": "Rural"
            },
            "geometry": {
                "type": "MultiPolygon",
                "coordinates": [
                    [
                        [
                            [
                                -91.371593344499445,
                                17.870602655446906
                            ],
                            [
                                -91.371589734797098,
                                17.870339014737596
                            ],
                            [
                                -91.371688944918446,
                                17.870300015052152
                            ],
                            [
                                -91.371885314281187,
                                17.870306775070521
                            ],
                            [
                                -91.372435604247357,
                                17.870343015111814
                            ],
                            [
                                -91.372458664273395,
                                17.871245575184297
                            ],
                            [
                                -91.372456024346377,
                                17.871334324591501
                            ],
                            [
                                -91.372457294728946,
                                17.871414914375556
                            ],
                            [
                                -91.372442734425007,
                                17.872104064372273
                            ],
                            [
                                -91.371593134396178,
                                17.87209731462643
                            ],
                            [
                                -91.371593334757179,
                                17.871320975138012
                            ],
                            [
                                -91.371593344499445,
                                17.870602655446906
                            ]
                        ]
                    ]
                ]
            }
        },
        {
            "type": "Feature",
            "properties": {
                "EDICION": "2025",
                "VERSION": "1",
                "TIPO_GEO": "l",
                "CVEGEO": "270010050",
                "CVE_ENT": "27",
                "CVE_MUN": "001",
                "CVE_LOC": "0050",
                "NOMGEO": "Nicolas Bravo (San Nicolas)",
                "AMBITO": "Rural"
            },
            "geometry": {
                "type": "MultiPolygon",
                "coordinates": [
                    [
                        [
                            [
                                -91.355628009226521,
                                17.606376822749297
                            ],
                            [
                                -91.35548796903629,
                                17.606149282704941
                            ],
                            [
                                -91.355013639704211,
                                17.606356153246427
                            ],
                            [
                                -91.354957749507818,
                                17.60628142302399
                            ],
                            [
                                -91.354916970061481,
                                17.606225302684418
                            ],
                            [
                                -91.354902370039241,
                                17.6061995828771
                            ],
                            [
                                -91.354724119385011,
                                17.605880983191049
                            ],
                            [
                                -91.35452697966511,
                                17.6055285833888
                            ],
                            [
                                -91.3544672898757,
                                17.605414023575598
                            ],
                            [
                                -91.354156070204439,
                                17.604807023346105
                            ],
                            [
                                -91.354132739575746,
                                17.604767053390884
                            ],
                            [
                                -91.353574890016532,
                                17.603811883630012
                            ],
                            [
                                -91.353849040285382,
                                17.603580563214656
                            ],
                            [
                                -91.353657669592408,
                                17.603333183753957
                            ],
                            [
                                -91.353647550319536,
                                17.603227184176156
                            ],
                            [
                                -91.35363741002314,
                                17.603106553415589
                            ],
                            [
                                -91.353717520189065,
                                17.602874353991844
                            ],
                            [
                                -91.353746949911951,
                                17.602905623501176
                            ],
                            [
                                -91.353937939488787,
                                17.603103393676172
                            ],
                            [
                                -91.353988609379911,
                                17.603158243937727
                            ],
                            [
                                -91.35434153980168,
                                17.603555703707016
                            ],
                            [
                                -91.354372119511112,
                                17.603591753771628
                            ],
                            [
                                -91.354723939956372,
                                17.604154583329084
                            ],
                            [
                                -91.354732579917666,
                                17.604170043050246
                            ],
                            [
                                -91.354740039748876,
                                17.604183393252367
                            ],
                            [
                                -91.354980859918626,
                                17.604559653573482
                            ],
                            [
                                -91.35534440984793,
                                17.605144473057884
                            ],
                            [
                                -91.355399379772663,
                                17.605232933421519
                            ],
                            [
                                -91.355430169440353,
                                17.605281883594564
                            ],
                            [
                                -91.355670089749381,
                                17.605557282971787
                            ],
                            [
                                -91.355846979248739,
                                17.605760332942904
                            ],
                            [
                                -91.356203429441663,
                                17.606189222632093
                            ],
                            [
                                -91.356276369687038,
                                17.606263932872245
                            ],
                            [
                                -91.355731839705811,
                                17.606544392651834
                            ],
                            [
                                -91.355628009226521,
                                17.606376822749297
                            ]
                        ]
                    ]
                ]
            }
        },
        {
            "type": "Feature",
            "properties": {
                "EDICION": "2025",
                "VERSION": "1",
                "TIPO_GEO": "l",
                "CVEGEO": "270010031",
                "CVE_ENT": "27",
                "CVE_MUN": "001",
                "CVE_LOC": "0031",
                "NOMGEO": "Tarimas (Emiliano Zapata)",
                "AMBITO": "Rural"
            },
            "geometry": {
                "type": "MultiPolygon",
                "coordinates": [
                    [
                        [
                            [
                                -91.314732710236854,
                                17.985126776558857
                            ],
                            [
                                -91.312897099814421,
                                17.984190266790357
                            ],
                            [
                                -91.314200710360964,
                                17.983946915927813
                            ],
                            [
                                -91.31429753183653,
                                17.98380808796345
                            ],
                            [
                                -91.315879859893471,
                                17.980968504123787
                            ],
                            [
                                -91.316765239425393,
                                17.981489827304646
                            ],
                            [
                                -91.317680619493999,
                                17.982003225981032
                            ],
                            [
                                -91.318577648709095,
                                17.982502347314217
                            ],
                            [
                                -91.31956329857465,
                                17.9829407473765
                            ],
                            [
                                -91.319290878094776,
                                17.983424836434487
                            ],
                            [
                                -91.319051468530191,
                                17.983833655500149
                            ],
                            [
                                -91.318753268468512,
                                17.984329266081915
                            ],
                            [
                                -91.318627148278836,
                                17.984544975647403
                            ],
                            [
                                -91.318503378306474,
                                17.984759826550246
                            ],
                            [
                                -91.318472528209725,
                                17.984814376930839
                            ],
                            [
                                -91.318214148966177,
                                17.985312125311427
                            ],
                            [
                                -91.318078497931438,
                                17.985560186325426
                            ],
                            [
                                -91.31802534802172,
                                17.985680345492629
                            ],
                            [
                                -91.317989956092589,
                                17.985746764069916
                            ],
                            [
                                -91.317710838237829,
                                17.986272315136894
                            ],
                            [
                                -91.317651378615423,
                                17.986367515442055
                            ],
                            [
                                -91.317536009078509,
                                17.98657317485722
                            ],
                            [
                                -91.317030709333125,
                                17.987463825372998
                            ],
                            [
                                -91.316085698861372,
                                17.986973785134253
                            ],
                            [
                                -91.315151298989022,
                                17.986502955043107
                            ],
                            [
                                -91.314234049056708,
                                17.986045315313159
                            ],
                            [
                                -91.31457256053217,
                                17.985422155998258
                            ],
                            [
                                -91.314732710236854,
                                17.985126776558857
                            ]
                        ]
                    ]
                ]
            }
        },
        {
            "type": "Feature",
            "properties": {
                "EDICION": "2025",
                "VERSION": "1",
                "TIPO_GEO": "l",
                "CVEGEO": "270010044",
                "CVE_ENT": "27",
                "CVE_MUN": "001",
                "CVE_LOC": "0044",
                "NOMGEO": "Mactun",
                "AMBITO": "Rural"
            },
            "geometry": {
                "type": "MultiPolygon",
                "coordinates": [
                    [
                        [
                            [
                                -91.289987047182507,
                                17.594842046254449
                            ],
                            [
                                -91.28995056697164,
                                17.594663446657314
                            ],
                            [
                                -91.289928417356862,
                                17.594499986971741
                            ],
                            [
                                -91.289898766822247,
                                17.594328706751
                            ],
                            [
                                -91.289890335909902,
                                17.59422965581502
                            ],
                            [
                                -91.28988678760382,
                                17.594109416271152
                            ],
                            [
                                -91.289894715975336,
                                17.594037386309978
                            ],
                            [
                                -91.289918105814479,
                                17.593926655663235
                            ],
                            [
                                -91.289944057178658,
                                17.593810995958933
                            ],
                            [
                                -91.29002010614316,
                                17.593610025651024
                            ],
                            [
                                -91.290057168190273,
                                17.593517431657929
                            ],
                            [
                                -91.290080928276168,
                                17.593442711679685
                            ],
                            [
                                -91.290077613128972,
                                17.593413101545689
                            ],
                            [
                                -91.289432047339986,
                                17.593308035960977
                            ],
                            [
                                -91.28946555636243,
                                17.593220257463862
                            ],
                            [
                                -91.28959162623498,
                                17.592931816701466
                            ],
                            [
                                -91.289749757589945,
                                17.592573996793579
                            ],
                            [
                                -91.290011317262881,
                                17.591974556242111
                            ],
                            [
                                -91.290071155623451,
                                17.591853857588283
                            ],
                            [
                                -91.290352987471223,
                                17.591235016370209
                            ],
                            [
                                -91.290538856977463,
                                17.590866047091378
                            ],
                            [
                                -91.290791246104845,
                                17.590299198247703
                            ],
                            [
                                -91.291023216133539,
                                17.589799656918302
                            ],
                            [
                                -91.291387585989099,
                                17.588998678292711
                            ],
                            [
                                -91.291568255471503,
                                17.588618046915414
                            ],
                            [
                                -91.291816705865784,
                                17.588056138052259
                            ],
                            [
                                -91.292004885691441,
                                17.587630327631036
                            ],
                            [
                                -91.29218488600057,
                                17.587225157514869
                            ],
                            [
                                -91.293112741808969,
                                17.585318854144514
                            ],
                            [
                                -91.293422575802552,
                                17.58464995244702
                            ],
                            [
                                -91.293525286339872,
                                17.58459097717073
                            ],
                            [
                                -91.293681640596262,
                                17.5845575695901
                            ],
                            [
                                -91.293787032391876,
                                17.584561238204298
                            ],
                            [
                                -91.293885325414038,
                                17.584587362485799
                            ],
                            [
                                -91.29393265784249,
                                17.58459814678314
                            ],
                            [
                                -91.294065657885682,
                                17.584638722303321
                            ],
                            [
                                -91.294201341369586,
                                17.584658843305043
                            ],
                            [
                                -91.294400749187389,
                                17.584621710284544
                            ],
                            [
                                -91.294710909984758,
                                17.58449030497049
                            ],
                            [
                                -91.295025527263064,
                                17.584345201615999
                            ],
                            [
                                -91.295222217612775,
                                17.584254484827071
                            ],
                            [
                                -91.29531928556321,
                                17.584030682956897
                            ],
                            [
                                -91.295446818907593,
                                17.584046459393058
                            ],
                            [
                                -91.295514003331405,
                                17.58411593149102
                            ],
                            [
                                -91.295770797348027,
                                17.584172789249866
                            ],
                            [
                                -91.295918963145638,
                                17.58411714670401
                            ],
                            [
                                -91.2959973580152,
                                17.584103871001865
                            ],
                            [
                                -91.296108885360255,
                                17.58408498231174
                            ],
                            [
                                -91.296326457369275,
                                17.583897923090085
                            ],
                            [
                                -91.296463314743448,
                                17.583751165542623
                            ],
                            [
                                -91.296510813738223,
                                17.583700229840989
                            ],
                            [
                                -91.296580158575466,
                                17.583657225877005
                            ],
                            [
                                -91.296678360788505,
                                17.583596325942665
                            ],
                            [
                                -91.296991999819653,
                                17.583449885572328
                            ],
                            [
                                -91.297211580511259,
                                17.583361556456616
                            ],
                            [
                                -91.297351647690022,
                                17.583315306446476
                            ],
                            [
                                -91.297499054033878,
                                17.583266633813203
                            ],
                            [
                                -91.297519605899623,
                                17.583267214900317
                            ],
                            [
                                -91.297599746867675,
                                17.583269480755231
                            ],
                            [
                                -91.297677278462132,
                                17.583271670924621
                            ],
                            [
                                -91.297681260183154,
                                17.583273195204249
                            ],
                            [
                                -91.297744497689379,
                                17.583297371438974
                            ],
                            [
                                -91.297821366864653,
                                17.583326763372479
                            ],
                            [
                                -91.297842838160449,
                                17.5833544222569
                            ],
                            [
                                -91.297942818609059,
                                17.583483200097717
                            ],
                            [
                                -91.298048267517885,
                                17.58365092958352
                            ],
                            [
                                -91.29809530799308,
                                17.583811185173825
                            ],
                            [
                                -91.298112731054459,
                                17.584045298226268
                            ],
                            [
                                -91.29801786142545,
                                17.584255769548509
                            ],
                            [
                                -91.297901532865637,
                                17.584476466510225
                            ],
                            [
                                -91.297801040648224,
                                17.58467792222153
                            ],
                            [
                                -91.297743463974854,
                                17.584777104076156
                            ],
                            [
                                -91.297628844585006,
                                17.5848497056692
                            ],
                            [
                                -91.297439123725923,
                                17.584912079273241
                            ],
                            [
                                -91.297190394094912,
                                17.58498979521308
                            ],
                            [
                                -91.296878276498546,
                                17.585120701077269
                            ],
                            [
                                -91.296663207844333,
                                17.585262859431381
                            ],
                            [
                                -91.296577131819689,
                                17.585420872224571
                            ],
                            [
                                -91.29654482080231,
                                17.585581696660146
                            ],
                            [
                                -91.296587674837653,
                                17.585708134539747
                            ],
                            [
                                -91.29664665346526,
                                17.585756012033666
                            ],
                            [
                                -91.296756608899486,
                                17.585749267270476
                            ],
                            [
                                -91.296897416427996,
                                17.585715212592071
                            ],
                            [
                                -91.297070411293817,
                                17.585706726240613
                            ],
                            [
                                -91.29710572890572,
                                17.585741107216467
                            ],
                            [
                                -91.297149402444504,
                                17.585783612458524
                            ],
                            [
                                -91.297162862187449,
                                17.585872972085124
                            ],
                            [
                                -91.297059428325554,
                                17.586017256791802
                            ],
                            [
                                -91.296814755099604,
                                17.586230821984159
                            ],
                            [
                                -91.29660694303513,
                                17.586524140810099
                            ],
                            [
                                -91.296526800916041,
                                17.586763488885104
                            ],
                            [
                                -91.296502986823626,
                                17.586944029405217
                            ],
                            [
                                -91.296514818008816,
                                17.5870634381881
                            ],
                            [
                                -91.296532444803503,
                                17.587152839545062
                            ],
                            [
                                -91.29658222654578,
                                17.587203435945238
                            ],
                            [
                                -91.296698788320441,
                                17.587276457657612
                            ],
                            [
                                -91.296901180234954,
                                17.587318795067443
                            ],
                            [
                                -91.296913458701113,
                                17.587327302143418
                            ],
                            [
                                -91.296998185402344,
                                17.587386002769389
                            ],
                            [
                                -91.297112889973278,
                                17.587506028058041
                            ],
                            [
                                -91.297208990265034,
                                17.587637474949595
                            ],
                            [
                                -91.297380193442962,
                                17.587676875669281
                            ],
                            [
                                -91.297550936161542,
                                17.587632948566103
                            ],
                            [
                                -91.29770241147591,
                                17.587561152334118
                            ],
                            [
                                -91.297715276664945,
                                17.587555054448341
                            ],
                            [
                                -91.297930020053073,
                                17.58745853048055
                            ],
                            [
                                -91.29797821362601,
                                17.587450415621078
                            ],
                            [
                                -91.298111694792283,
                                17.587427942067688
                            ],
                            [
                                -91.298280555432726,
                                17.587399510334876
                            ],
                            [
                                -91.298533311575497,
                                17.587395258364243
                            ],
                            [
                                -91.298861003546719,
                                17.587486730548054
                            ],
                            [
                                -91.299020520645456,
                                17.587531250712289
                            ],
                            [
                                -91.29918167341296,
                                17.587603968469818
                            ],
                            [
                                -91.299429174885759,
                                17.5877156466257
                            ],
                            [
                                -91.299613584865185,
                                17.587901025687245
                            ],
                            [
                                -91.299723730759425,
                                17.588068787082655
                            ],
                            [
                                -91.299734048742877,
                                17.588261502306118
                            ],
                            [
                                -91.299592092279497,
                                17.588543072361233
                            ],
                            [
                                -91.299251541081802,
                                17.588895555535835
                            ],
                            [
                                -91.298679388470916,
                                17.589363240306071
                            ],
                            [
                                -91.298248795845566,
                                17.589715208394683
                            ],
                            [
                                -91.297901655311406,
                                17.590030925418649
                            ],
                            [
                                -91.297659262768036,
                                17.59015026318956
                            ],
                            [
                                -91.297541654778158,
                                17.59022175244473
                            ],
                            [
                                -91.297268475517171,
                                17.590303469382391
                            ],
                            [
                                -91.296838347535996,
                                17.59039024326481
                            ],
                            [
                                -91.296395296394124,
                                17.590359483794931
                            ],
                            [
                                -91.296157676727248,
                                17.59033387646398
                            ],
                            [
                                -91.295662565571106,
                                17.590635537746856
                            ],
                            [
                                -91.29579310495059,
                                17.590816027883296
                            ],
                            [
                                -91.295862385396063,
                                17.590911307271185
                            ],
                            [
                                -91.296009164647813,
                                17.591124487103141
                            ],
                            [
                                -91.295919115476636,
                                17.591327927491182
                            ],
                            [
                                -91.295897913782838,
                                17.591557474290543
                            ],
                            [
                                -91.295888015729474,
                                17.591655876685557
                            ],
                            [
                                -91.295867475385279,
                                17.591849186365138
                            ],
                            [
                                -91.295806934956033,
                                17.591880306621501
                            ],
                            [
                                -91.295723705597908,
                                17.591926216649235
                            ],
                            [
                                -91.295690795657777,
                                17.591962787346091
                            ],
                            [
                                -91.295646354811495,
                                17.59201156785252
                            ],
                            [
                                -91.295613425001619,
                                17.592048126240989
                            ],
                            [
                                -91.295568985979628,
                                17.59209690686615
                            ],
                            [
                                -91.295536984864924,
                                17.592134157133465
                            ],
                            [
                                -91.295469114455713,
                                17.592226687530498
                            ],
                            [
                                -91.295455625342683,
                                17.592251166561052
                            ],
                            [
                                -91.295351185744664,
                                17.592453687445929
                            ],
                            [
                                -91.295310045030618,
                                17.592534086706525
                            ],
                            [
                                -91.295203855608221,
                                17.592743726384128
                            ],
                            [
                                -91.295025754435329,
                                17.593103167449204
                            ],
                            [
                                -91.294850675147828,
                                17.593456996547697
                            ],
                            [
                                -91.294717756093263,
                                17.59371933677912
                            ],
                            [
                                -91.294694185152053,
                                17.593760847294369
                            ],
                            [
                                -91.294664705979159,
                                17.593823476590501
                            ],
                            [
                                -91.294536414918014,
                                17.594017416040796
                            ],
                            [
                                -91.294470085628944,
                                17.594110955886705
                            ],
                            [
                                -91.294452014462777,
                                17.594136027009757
                            ],
                            [
                                -91.294395506123166,
                                17.594198475770934
                            ],
                            [
                                -91.294318455829398,
                                17.594284187238237
                            ],
                            [
                                -91.294230256346495,
                                17.594370155672944
                            ],
                            [
                                -91.294143165754775,
                                17.594446385672352
                            ],
                            [
                                -91.293938506235349,
                                17.594594085848129
                            ],
                            [
                                -91.293899055017931,
                                17.594614486122691
                            ],
                            [
                                -91.293832625743562,
                                17.594648155849161
                            ],
                            [
                                -91.29351893555463,
                                17.594803286785286
                            ],
                            [
                                -91.293349855120766,
                                17.594881427074331
                            ],
                            [
                                -91.293044815614465,
                                17.595004325488649
                            ],
                            [
                                -91.292933766560964,
                                17.595042125521584
                            ],
                            [
                                -91.292820015317517,
                                17.595071876554513
                            ],
                            [
                                -91.292709195308845,
                                17.595095155328984
                            ],
                            [
                                -91.292650646278233,
                                17.595113846435716
                            ],
                            [
                                -91.292522416085944,
                                17.595141525535308
                            ],
                            [
                                -91.29244487573385,
                                17.595149706870828
                            ],
                            [
                                -91.292413386293759,
                                17.595153285816803
                            ],
                            [
                                -91.292295675338877,
                                17.595158155867484
                            ],
                            [
                                -91.292255556170147,
                                17.595159685705237
                            ],
                            [
                                -91.292235566452675,
                                17.595160475568914
                            ],
                            [
                                -91.292177875545534,
                                17.59515878560542
                            ],
                            [
                                -91.292023626404912,
                                17.595155156570893
                            ],
                            [
                                -91.291597075810543,
                                17.595061535858761
                            ],
                            [
                                -91.291552556829643,
                                17.595049017038601
                            ],
                            [
                                -91.291325935583544,
                                17.594972506173608
                            ],
                            [
                                -91.291215705903554,
                                17.594932706335378
                            ],
                            [
                                -91.290981875576591,
                                17.59483838528838
                            ],
                            [
                                -91.290855446977417,
                                17.594831966182067
                            ],
                            [
                                -91.290417093759046,
                                17.594893763417339
                            ],
                            [
                                -91.290260248172686,
                                17.594995130970705
                            ],
                            [
                                -91.290186451501199,
                                17.595060435873261
                            ],
                            [
                                -91.290116289236295,
                                17.595087483620638
                            ],
                            [
                                -91.289987047182507,
                                17.594842046254449
                            ]
                        ]
                    ]
                ]
            }
        },
        {
            "type": "Feature",
            "properties": {
                "EDICION": "2025",
                "VERSION": "1",
                "TIPO_GEO": "l",
                "CVEGEO": "270010709",
                "CVE_ENT": "27",
                "CVE_MUN": "001",
                "CVE_LOC": "0709",
                "NOMGEO": "Caudillos del Sur",
                "AMBITO": "Rural"
            },
            "geometry": {
                "type": "MultiPolygon",
                "coordinates": [
                    [
                        [
                            [
                                -91.350944150880153,
                                17.578770819890593
                            ],
                            [
                                -91.350522810957386,
                                17.579148659540898
                            ],
                            [
                                -91.34998858142329,
                                17.578636029862981
                            ],
                            [
                                -91.349046661316535,
                                17.577695400225124
                            ],
                            [
                                -91.349200101526705,
                                17.577473770224579
                            ],
                            [
                                -91.349377870647018,
                                17.577257060544159
                            ],
                            [
                                -91.349852441214068,
                                17.57766928985555
                            ],
                            [
                                -91.350022301324955,
                                17.577532540340222
                            ],
                            [
                                -91.350335010480606,
                                17.577226449930095
                            ],
                            [
                                -91.350561830636352,
                                17.577033290585149
                            ],
                            [
                                -91.351019780512217,
                                17.576686590680993
                            ],
                            [
                                -91.351072540292165,
                                17.57658771046458
                            ],
                            [
                                -91.351099810589446,
                                17.576537740350862
                            ],
                            [
                                -91.351212860904411,
                                17.576373340199865
                            ],
                            [
                                -91.35146978069038,
                                17.575991200990583
                            ],
                            [
                                -91.35185050001563,
                                17.575381420839172
                            ],
                            [
                                -91.352036950679562,
                                17.575101911091735
                            ],
                            [
                                -91.352132580636592,
                                17.574972401062663
                            ],
                            [
                                -91.352167230597473,
                                17.574870421070287
                            ],
                            [
                                -91.352173489901432,
                                17.574802861340842
                            ],
                            [
                                -91.352134210500523,
                                17.574729191155214
                            ],
                            [
                                -91.351963570623127,
                                17.574437991257835
                            ],
                            [
                                -91.351915430060671,
                                17.574378790884825
                            ],
                            [
                                -91.352168500417733,
                                17.574440970978682
                            ],
                            [
                                -91.352968460193608,
                                17.575199421178027
                            ],
                            [
                                -91.352822270088694,
                                17.576176200500253
                            ],
                            [
                                -91.352666689961055,
                                17.577407190422417
                            ],
                            [
                                -91.352655340216145,
                                17.5774144202306
                            ],
                            [
                                -91.351893270053381,
                                17.577919710208423
                            ],
                            [
                                -91.350944150880153,
                                17.578770819890593
                            ]
                        ]
                    ]
                ]
            }
        },
        {
            "type": "Feature",
            "properties": {
                "EDICION": "2025",
                "VERSION": "1",
                "TIPO_GEO": "l",
                "CVEGEO": "270010203",
                "CVE_ENT": "27",
                "CVE_MUN": "001",
                "CVE_LOC": "0203",
                "NOMGEO": "El Limon",
                "AMBITO": "Rural"
            },
            "geometry": {
                "type": "MultiPolygon",
                "coordinates": [
                    [
                        [
                            [
                                -91.337199494081759,
                                17.745788647869844
                            ],
                            [
                                -91.336759292328807,
                                17.745650604258881
                            ],
                            [
                                -91.336480022561389,
                                17.745512562172934
                            ],
                            [
                                -91.336592034975922,
                                17.74515472795278
                            ],
                            [
                                -91.335778384244492,
                                17.745021716917059
                            ],
                            [
                                -91.335637543528506,
                                17.744996496904513
                            ],
                            [
                                -91.335521573421062,
                                17.744975747850496
                            ],
                            [
                                -91.335495304072865,
                                17.744964837402591
                            ],
                            [
                                -91.335277044262455,
                                17.7448652477891
                            ],
                            [
                                -91.335069444569427,
                                17.744770557576036
                            ],
                            [
                                -91.335020153644422,
                                17.744744097265158
                            ],
                            [
                                -91.334917344741086,
                                17.744688777370186
                            ],
                            [
                                -91.334669264459336,
                                17.744555248068533
                            ],
                            [
                                -91.334602125135888,
                                17.744528728000393
                            ],
                            [
                                -91.334383833476934,
                                17.744443238683186
                            ],
                            [
                                -91.334267234563711,
                                17.744402408224918
                            ],
                            [
                                -91.334181904897164,
                                17.744400957044093
                            ],
                            [
                                -91.33414121491829,
                                17.744398287663358
                            ],
                            [
                                -91.334023774211943,
                                17.744388188006173
                            ],
                            [
                                -91.333891187829963,
                                17.744375456928811
                            ],
                            [
                                -91.333836444767996,
                                17.744372868200617
                            ],
                            [
                                -91.333483785473675,
                                17.744346468950358
                            ],
                            [
                                -91.33336623471989,
                                17.744337687913806
                            ],
                            [
                                -91.333082574124447,
                                17.744316448062637
                            ],
                            [
                                -91.33276669512901,
                                17.744300617159205
                            ],
                            [
                                -91.332614355283226,
                                17.744293007938548
                            ],
                            [
                                -91.332620014018616,
                                17.744269357407259
                            ],
                            [
                                -91.332630344600645,
                                17.744226378392785
                            ],
                            [
                                -91.33266752562136,
                                17.744071297998822
                            ],
                            [
                                -91.332734945484077,
                                17.743790317804667
                            ],
                            [
                                -91.332787125307249,
                                17.743572728588244
                            ],
                            [
                                -91.332827694878063,
                                17.743466637538354
                            ],
                            [
                                -91.3328684952114,
                                17.74336061917553
                            ],
                            [
                                -91.332913354781084,
                                17.743242978508597
                            ],
                            [
                                -91.332962405711044,
                                17.743155637786586
                            ],
                            [
                                -91.333072185655809,
                                17.743022727683755
                            ],
                            [
                                -91.333237343948085,
                                17.742822088463431
                            ],
                            [
                                -91.333183404545281,
                                17.742784088691646
                            ],
                            [
                                -91.333078695488908,
                                17.742713697730519
                            ],
                            [
                                -91.332981414820225,
                                17.742649837596947
                            ],
                            [
                                -91.332858710325326,
                                17.742569409172539
                            ],
                            [
                                -91.33281968531665,
                                17.742498405591416
                            ],
                            [
                                -91.332820334439987,
                                17.742348903859945
                            ],
                            [
                                -91.332866780301728,
                                17.742178235239034
                            ],
                            [
                                -91.332983393986879,
                                17.741774042381444
                            ],
                            [
                                -91.333141487649911,
                                17.741089389751444
                            ],
                            [
                                -91.333374683438166,
                                17.740312767644912
                            ],
                            [
                                -91.333428013690991,
                                17.740195239239657
                            ],
                            [
                                -91.333486395894965,
                                17.74009302557992
                            ],
                            [
                                -91.333726541107552,
                                17.739868159477464
                            ],
                            [
                                -91.333868872707285,
                                17.739811847247744
                            ],
                            [
                                -91.333955053862468,
                                17.739729877099002
                            ],
                            [
                                -91.334045608717076,
                                17.739614475237552
                            ],
                            [
                                -91.33414361576061,
                                17.739702596642225
                            ],
                            [
                                -91.334197364854887,
                                17.739757508720633
                            ],
                            [
                                -91.334286089130529,
                                17.739821347961396
                            ],
                            [
                                -91.334361614195558,
                                17.739922201762052
                            ],
                            [
                                -91.334375973441297,
                                17.740020809616688
                            ],
                            [
                                -91.334492257373512,
                                17.740372327094217
                            ],
                            [
                                -91.33477535174859,
                                17.740488075959053
                            ],
                            [
                                -91.335054543093335,
                                17.74061227803238
                            ],
                            [
                                -91.335258874956651,
                                17.740661415890948
                            ],
                            [
                                -91.33531885307805,
                                17.740667726203714
                            ],
                            [
                                -91.335744578944031,
                                17.740808080038303
                            ],
                            [
                                -91.335633065610551,
                                17.740678116214983
                            ],
                            [
                                -91.335615428674615,
                                17.740466402375141
                            ],
                            [
                                -91.335657939699274,
                                17.740359753782847
                            ],
                            [
                                -91.335681273621759,
                                17.740182219758225
                            ],
                            [
                                -91.335743486636517,
                                17.740195088727702
                            ],
                            [
                                -91.335881869471393,
                                17.740210541673356
                            ],
                            [
                                -91.338292803673767,
                                17.740541698028533
                            ],
                            [
                                -91.33879660172596,
                                17.740636719771519
                            ],
                            [
                                -91.338545787915223,
                                17.742488877281499
                            ],
                            [
                                -91.338576863962345,
                                17.743396729710014
                            ],
                            [
                                -91.338369220037094,
                                17.743349153058656
                            ],
                            [
                                -91.33818058273765,
                                17.744085526009066
                            ],
                            [
                                -91.338086574150267,
                                17.744546564853181
                            ],
                            [
                                -91.338810705006338,
                                17.74472790622502
                            ],
                            [
                                -91.338710759062835,
                                17.745570904248023
                            ],
                            [
                                -91.338515946345979,
                                17.746171224600968
                            ],
                            [
                                -91.338266996138316,
                                17.746056262619518
                            ],
                            [
                                -91.338076807587498,
                                17.745966851001022
                            ],
                            [
                                -91.337870523450135,
                                17.745821238046457
                            ],
                            [
                                -91.337825772709579,
                                17.745814436659625
                            ],
                            [
                                -91.337756093647542,
                                17.745800156554086
                            ],
                            [
                                -91.337640903500258,
                                17.745799177687768
                            ],
                            [
                                -91.33751567312143,
                                17.74579946720656
                            ],
                            [
                                -91.337437903707794,
                                17.745802357246166
                            ],
                            [
                                -91.337320144230915,
                                17.745808147001728
                            ],
                            [
                                -91.337254343953802,
                                17.745802087371025
                            ],
                            [
                                -91.337199494081759,
                                17.745788647869844
                            ]
                        ]
                    ]
                ]
            }
        },
        {
            "type": "Feature",
            "properties": {
                "EDICION": "2025",
                "VERSION": "1",
                "TIPO_GEO": "l",
                "CVEGEO": "270010009",
                "CVE_ENT": "27",
                "CVE_MUN": "001",
                "CVE_LOC": "0009",
                "NOMGEO": "Arroyo el Triunfo 1ra. Seccion",
                "AMBITO": "Rural"
            },
            "geometry": {
                "type": "MultiPolygon",
                "coordinates": [
                    [
                        [
                            [
                                -91.021805737992736,
                                17.768157239692719
                            ],
                            [
                                -91.021928994128757,
                                17.765267509008304
                            ],
                            [
                                -91.020955298644481,
                                17.765258742154749
                            ],
                            [
                                -91.020910758679136,
                                17.765243043008525
                            ],
                            [
                                -91.02089188882799,
                                17.764303261949852
                            ],
                            [
                                -91.020876619568938,
                                17.762018651011214
                            ],
                            [
                                -91.020855589323276,
                                17.76131188672063
                            ],
                            [
                                -91.020887922134563,
                                17.761220713258695
                            ],
                            [
                                -91.02099763371254,
                                17.76119807349971
                            ],
                            [
                                -91.022058815988942,
                                17.761232880752932
                            ],
                            [
                                -91.024385913674649,
                                17.761301221022052
                            ],
                            [
                                -91.026051383188687,
                                17.761308435277645
                            ],
                            [
                                -91.026132941199961,
                                17.761321622879564
                            ],
                            [
                                -91.026141847730344,
                                17.76227598388348
                            ],
                            [
                                -91.027071054266585,
                                17.762302019528228
                            ],
                            [
                                -91.027134317314093,
                                17.762337370736482
                            ],
                            [
                                -91.027134201621337,
                                17.765328323925182
                            ],
                            [
                                -91.026025208107541,
                                17.765321842633853
                            ],
                            [
                                -91.025066490713328,
                                17.765328305857363
                            ],
                            [
                                -91.025059135777695,
                                17.765529826464082
                            ],
                            [
                                -91.024999008581062,
                                17.767313729112217
                            ],
                            [
                                -91.025526285698163,
                                17.767350497841406
                            ],
                            [
                                -91.025498691828389,
                                17.767858394414187
                            ],
                            [
                                -91.024421399827176,
                                17.767803276777386
                            ],
                            [
                                -91.024444677821492,
                                17.767290406778059
                            ],
                            [
                                -91.02294509783961,
                                17.767233859613025
                            ],
                            [
                                -91.02290684604327,
                                17.768199803448766
                            ],
                            [
                                -91.021805737992736,
                                17.768157239692719
                            ]
                        ]
                    ]
                ]
            }
        },
        {
            "type": "Feature",
            "properties": {
                "EDICION": "2025",
                "VERSION": "1",
                "TIPO_GEO": "l",
                "CVEGEO": "270010024",
                "CVE_ENT": "27",
                "CVE_MUN": "001",
                "CVE_LOC": "0024",
                "NOMGEO": "La Cuchilla",
                "AMBITO": "Rural"
            },
            "geometry": {
                "type": "MultiPolygon",
                "coordinates": [
                    [
                        [
                            [
                                -91.248361127453833,
                                17.817787648356113
                            ],
                            [
                                -91.248361437557733,
                                17.817739878212496
                            ],
                            [
                                -91.247538067576286,
                                17.817747598937075
                            ],
                            [
                                -91.247370778157332,
                                17.817747507844523
                            ],
                            [
                                -91.246502226071883,
                                17.81776152009569
                            ],
                            [
                                -91.246464915971373,
                                17.81684924292302
                            ],
                            [
                                -91.247350287645517,
                                17.816835819563
                            ],
                            [
                                -91.247343097440861,
                                17.815903270307466
                            ],
                            [
                                -91.247344668606942,
                                17.815022269100016
                            ],
                            [
                                -91.248007207146472,
                                17.815022169898473
                            ],
                            [
                                -91.248105267169237,
                                17.815024619428474
                            ],
                            [
                                -91.248374147152077,
                                17.815023709069024
                            ],
                            [
                                -91.249319963792004,
                                17.815034174449263
                            ],
                            [
                                -91.250166527794335,
                                17.815025359352234
                            ],
                            [
                                -91.250388087611981,
                                17.815023068691684
                            ],
                            [
                                -91.25105211744453,
                                17.815024939868291
                            ],
                            [
                                -91.25148669666001,
                                17.815005959798498
                            ],
                            [
                                -91.251495036360851,
                                17.815907708789091
                            ],
                            [
                                -91.251532087657353,
                                17.817716740846116
                            ],
                            [
                                -91.251549696057893,
                                17.818637589027148
                            ],
                            [
                                -91.251073796609575,
                                17.818638498561342
                            ],
                            [
                                -91.251059176609871,
                                17.819552127699044
                            ],
                            [
                                -91.250265897000517,
                                17.819553568279161
                            ],
                            [
                                -91.24939234802369,
                                17.819563538101121
                            ],
                            [
                                -91.248376967296139,
                                17.819568369005577
                            ],
                            [
                                -91.248377147861746,
                                17.81897666906325
                            ],
                            [
                                -91.248374153910348,
                                17.818672848971847
                            ],
                            [
                                -91.248369398384497,
                                17.818192478576343
                            ],
                            [
                                -91.248360468514164,
                                17.817889138394726
                            ],
                            [
                                -91.248361127453833,
                                17.817787648356113
                            ]
                        ]
                    ]
                ]
            }
        },
        {
            "type": "Feature",
            "properties": {
                "EDICION": "2025",
                "VERSION": "1",
                "TIPO_GEO": "l",
                "CVEGEO": "270010101",
                "CVE_ENT": "27",
                "CVE_MUN": "001",
                "CVE_LOC": "0101",
                "NOMGEO": "El Pichi",
                "AMBITO": "Rural"
            },
            "geometry": {
                "type": "MultiPolygon",
                "coordinates": [
                    [
                        [
                            [
                                -91.015927040319085,
                                17.917435963528991
                            ],
                            [
                                -91.015927330918728,
                                17.917396082852918
                            ],
                            [
                                -91.015927409886572,
                                17.917342132691985
                            ],
                            [
                                -91.015933590527268,
                                17.916437913691507
                            ],
                            [
                                -91.015933871076825,
                                17.916408273982185
                            ],
                            [
                                -91.015934780781421,
                                17.916308673878742
                            ],
                            [
                                -91.015937209443351,
                                17.915969543401161
                            ],
                            [
                                -91.015937930716973,
                                17.915921973782883
                            ],
                            [
                                -91.015938590989649,
                                17.915877363177202
                            ],
                            [
                                -91.015938751035165,
                                17.91580817363247
                            ],
                            [
                                -91.015938990462132,
                                17.915687203220298
                            ],
                            [
                                -91.015939240312093,
                                17.915650903415212
                            ],
                            [
                                -91.015939580076463,
                                17.915603082716835
                            ],
                            [
                                -91.0159400100585,
                                17.91554156296781
                            ],
                            [
                                -91.015940349652482,
                                17.915492113616079
                            ],
                            [
                                -91.015944519841298,
                                17.915415343879232
                            ],
                            [
                                -91.016091690832525,
                                17.915401772648757
                            ],
                            [
                                -91.016226660637486,
                                17.915402223982198
                            ],
                            [
                                -91.01635116013702,
                                17.915408623778934
                            ],
                            [
                                -91.016441331134331,
                                17.915413252609394
                            ],
                            [
                                -91.016501070029676,
                                17.915415243282503
                            ],
                            [
                                -91.016546890249558,
                                17.915415623880918
                            ],
                            [
                                -91.016603959274434,
                                17.915414902872527
                            ],
                            [
                                -91.016706859342591,
                                17.915413623721804
                            ],
                            [
                                -91.016824900585291,
                                17.91541340411144
                            ],
                            [
                                -91.016942960872385,
                                17.915413514075709
                            ],
                            [
                                -91.017179090889556,
                                17.915413143172419
                            ],
                            [
                                -91.017288579778267,
                                17.915413403131083
                            ],
                            [
                                -91.017415210664481,
                                17.915413703355071
                            ],
                            [
                                -91.01753325955363,
                                17.915410503940048
                            ],
                            [
                                -91.017651320537908,
                                17.91540767348938
                            ],
                            [
                                -91.017776890106646,
                                17.915411004030272
                            ],
                            [
                                -91.01791098928912,
                                17.915414563765552
                            ],
                            [
                                -91.018115729006041,
                                17.915405543522848
                            ],
                            [
                                -91.018441990013315,
                                17.915406043038928
                            ],
                            [
                                -91.018599959015219,
                                17.915410653392144
                            ],
                            [
                                -91.018653149036965,
                                17.915410203502049
                            ],
                            [
                                -91.018772329124204,
                                17.915409222657008
                            ],
                            [
                                -91.018891639859447,
                                17.915410133867791
                            ],
                            [
                                -91.019022008754163,
                                17.915411423646436
                            ],
                            [
                                -91.019123379963645,
                                17.915406312600851
                            ],
                            [
                                -91.019243629947738,
                                17.915405313832082
                            ],
                            [
                                -91.019364359323603,
                                17.91540431390013
                            ],
                            [
                                -91.019481689484735,
                                17.915403343539971
                            ],
                            [
                                -91.019545030008786,
                                17.915403912623706
                            ],
                            [
                                -91.019655918417456,
                                17.915404933793397
                            ],
                            [
                                -91.019773949493768,
                                17.915407273782037
                            ],
                            [
                                -91.019893890178395,
                                17.915410252659711
                            ],
                            [
                                -91.020009089207875,
                                17.915413133522598
                            ],
                            [
                                -91.020057189049993,
                                17.915413482762904
                            ],
                            [
                                -91.020175238601496,
                                17.915411572628127
                            ],
                            [
                                -91.020293588727341,
                                17.915408842945403
                            ],
                            [
                                -91.020409409474084,
                                17.915406163205784
                            ],
                            [
                                -91.020529318154857,
                                17.915403393625716
                            ],
                            [
                                -91.020694439288235,
                                17.915402843018466
                            ],
                            [
                                -91.021248388938091,
                                17.915394133075573
                            ],
                            [
                                -91.021263498470702,
                                17.916212082461314
                            ],
                            [
                                -91.021267937785495,
                                17.916362559470414
                            ],
                            [
                                -91.023309405150187,
                                17.916384937083883
                            ],
                            [
                                -91.023294399469933,
                                17.918421959167343
                            ],
                            [
                                -91.02328602869018,
                                17.920410591635299
                            ],
                            [
                                -91.023268497427367,
                                17.920410271334205
                            ],
                            [
                                -91.021531528079848,
                                17.920428271374874
                            ],
                            [
                                -91.020756469192435,
                                17.920440702429161
                            ],
                            [
                                -91.020707989497879,
                                17.920439302749834
                            ],
                            [
                                -91.02067002814195,
                                17.92043651170912
                            ],
                            [
                                -91.020622258710773,
                                17.920434712556158
                            ],
                            [
                                -91.020107988163033,
                                17.92043388292846
                            ],
                            [
                                -91.020063499090568,
                                17.920433822553875
                            ],
                            [
                                -91.019756388491047,
                                17.920434452617833
                            ],
                            [
                                -91.01964966963088,
                                17.920434851583853
                            ],
                            [
                                -91.01871178017339,
                                17.920427671849687
                            ],
                            [
                                -91.018611729631345,
                                17.920424081897096
                            ],
                            [
                                -91.01851175911456,
                                17.920423441311705
                            ],
                            [
                                -91.017711460346632,
                                17.920400472142102
                            ],
                            [
                                -91.017239289247868,
                                17.920405682825951
                            ],
                            [
                                -91.017127840110987,
                                17.92040716171044
                            ],
                            [
                                -91.016891919917384,
                                17.92041660233733
                            ],
                            [
                                -91.016769949849703,
                                17.920421252857214
                            ],
                            [
                                -91.016537430841169,
                                17.920404332830529
                            ],
                            [
                                -91.016301351112773,
                                17.920408671697949
                            ],
                            [
                                -91.016188559721186,
                                17.920410562736933
                            ],
                            [
                                -91.015952440908578,
                                17.920411441359771
                            ],
                            [
                                -91.015931029465236,
                                17.920411901591578
                            ],
                            [
                                -91.015909659634247,
                                17.920329972373523
                            ],
                            [
                                -91.015921040583734,
                                17.920217302689185
                            ],
                            [
                                -91.015924191198067,
                                17.92015448245775
                            ],
                            [
                                -91.015926720269491,
                                17.920104402831857
                            ],
                            [
                                -91.015928581135569,
                                17.920024252719177
                            ],
                            [
                                -91.015922359308306,
                                17.919925602666385
                            ],
                            [
                                -91.01591566998475,
                                17.919819572991894
                            ],
                            [
                                -91.015920990234335,
                                17.919688042355453
                            ],
                            [
                                -91.015925269734041,
                                17.919582423113546
                            ],
                            [
                                -91.015929431030003,
                                17.919479932823876
                            ],
                            [
                                -91.015925489856727,
                                17.919438672912385
                            ],
                            [
                                -91.015921760084737,
                                17.919399762702426
                            ],
                            [
                                -91.015921519556358,
                                17.919362111764084
                            ],
                            [
                                -91.015921029639273,
                                17.91929044198675
                            ],
                            [
                                -91.01592072121737,
                                17.919244822325265
                            ],
                            [
                                -91.015920260008443,
                                17.919175512416178
                            ],
                            [
                                -91.015920029585672,
                                17.919141422430059
                            ],
                            [
                                -91.01592038055135,
                                17.919075003303362
                            ],
                            [
                                -91.015920549733337,
                                17.919043302237068
                            ],
                            [
                                -91.01592096032546,
                                17.918963802013568
                            ],
                            [
                                -91.015921189914962,
                                17.9189215626416
                            ],
                            [
                                -91.015921559580676,
                                17.918850703282789
                            ],
                            [
                                -91.01592176041764,
                                17.918814873058523
                            ],
                            [
                                -91.015922859902304,
                                17.918772842691279
                            ],
                            [
                                -91.015923359905059,
                                17.918727962572653
                            ],
                            [
                                -91.015924119564303,
                                17.918661502779806
                            ],
                            [
                                -91.01592461087526,
                                17.918618881837631
                            ],
                            [
                                -91.015925330179812,
                                17.918554272641241
                            ],
                            [
                                -91.015925760947937,
                                17.918516992082584
                            ],
                            [
                                -91.015932669511955,
                                17.918421802403678
                            ],
                            [
                                -91.015930830985724,
                                17.918379743040951
                            ],
                            [
                                -91.015928780388521,
                                17.917927622249437
                            ],
                            [
                                -91.015927040319085,
                                17.917435963528991
                            ]
                        ]
                    ]
                ]
            }
        },
        {
            "type": "Feature",
            "properties": {
                "EDICION": "2025",
                "VERSION": "1",
                "TIPO_GEO": "l",
                "CVEGEO": "270010058",
                "CVE_ENT": "27",
                "CVE_MUN": "001",
                "CVE_LOC": "0058",
                "NOMGEO": "Adolfo Lopez Mateos",
                "AMBITO": "Rural"
            },
            "geometry": {
                "type": "MultiPolygon",
                "coordinates": [
                    [
                        [
                            [
                                -91.244472318699437,
                                17.876901313720126
                            ],
                            [
                                -91.244504192584856,
                                17.880130803681304
                            ],
                            [
                                -91.242887403437578,
                                17.878403651345479
                            ],
                            [
                                -91.242646519520179,
                                17.878114872597788
                            ],
                            [
                                -91.242105656845368,
                                17.877533061732933
                            ],
                            [
                                -91.240354350246633,
                                17.875641264727872
                            ],
                            [
                                -91.239461010105941,
                                17.87469446348042
                            ],
                            [
                                -91.239116319133345,
                                17.87431254360467
                            ],
                            [
                                -91.238760640006788,
                                17.873892064505416
                            ],
                            [
                                -91.239217269541896,
                                17.873506585360726
                            ],
                            [
                                -91.240599113025752,
                                17.872351415932911
                            ],
                            [
                                -91.240589950036679,
                                17.872235414200262
                            ],
                            [
                                -91.24138716902192,
                                17.872231261773937
                            ],
                            [
                                -91.242568368945129,
                                17.872227375200591
                            ],
                            [
                                -91.242567562251111,
                                17.872398889705675
                            ],
                            [
                                -91.242542148885136,
                                17.874246654522906
                            ],
                            [
                                -91.242546699675316,
                                17.8756259147059
                            ],
                            [
                                -91.242532179229983,
                                17.876764354084401
                            ],
                            [
                                -91.242537689481651,
                                17.876933053155415
                            ],
                            [
                                -91.244472318699437,
                                17.876901313720126
                            ]
                        ]
                    ]
                ]
            }
        },
        {
            "type": "Feature",
            "properties": {
                "EDICION": "2025",
                "VERSION": "1",
                "TIPO_GEO": "l",
                "CVEGEO": "270010084",
                "CVE_ENT": "27",
                "CVE_MUN": "001",
                "CVE_LOC": "0084",
                "NOMGEO": "Francisco I. Madero 1ra. Seccion",
                "AMBITO": "Rural"
            },
            "geometry": {
                "type": "MultiPolygon",
                "coordinates": [
                    [
                        [
                            [
                                -91.013796101121741,
                                17.490264983169187
                            ],
                            [
                                -91.013387397404784,
                                17.490268157734747
                            ],
                            [
                                -91.013156121397898,
                                17.490263351025753
                            ],
                            [
                                -91.01241301254835,
                                17.490214673001958
                            ],
                            [
                                -91.011423150590616,
                                17.490100323666191
                            ],
                            [
                                -91.011442478820882,
                                17.489573458043726
                            ],
                            [
                                -91.010370830683797,
                                17.489501900131547
                            ],
                            [
                                -91.009491923483509,
                                17.489365238881557
                            ],
                            [
                                -91.008363344643627,
                                17.489304643101146
                            ],
                            [
                                -91.007348148410685,
                                17.489254912045656
                            ],
                            [
                                -91.007253385734657,
                                17.48926033776209
                            ],
                            [
                                -91.005318659313417,
                                17.489051252680731
                            ],
                            [
                                -91.005391144930172,
                                17.488078634844602
                            ],
                            [
                                -91.006404541299275,
                                17.488153865149052
                            ],
                            [
                                -91.00642263317603,
                                17.487155562018192
                            ],
                            [
                                -91.00744773273388,
                                17.487274893309159
                            ],
                            [
                                -91.00754465372431,
                                17.486028689003959
                            ],
                            [
                                -91.010596964878843,
                                17.486226863358372
                            ],
                            [
                                -91.011595384810803,
                                17.48631563764566
                            ],
                            [
                                -91.012894963850854,
                                17.486419877672336
                            ],
                            [
                                -91.014043825156165,
                                17.486499427372742
                            ],
                            [
                                -91.014074758943622,
                                17.488360414961416
                            ],
                            [
                                -91.014075472321082,
                                17.489435544072858
                            ],
                            [
                                -91.014048887232605,
                                17.490171788225823
                            ],
                            [
                                -91.013969090009283,
                                17.490216155716446
                            ],
                            [
                                -91.013796101121741,
                                17.490264983169187
                            ]
                        ]
                    ]
                ]
            }
        },
        {
            "type": "Feature",
            "properties": {
                "EDICION": "2025",
                "VERSION": "1",
                "TIPO_GEO": "l",
                "CVEGEO": "270010252",
                "CVE_ENT": "27",
                "CVE_MUN": "001",
                "CVE_LOC": "0252",
                "NOMGEO": "Reforma (Provincia)",
                "AMBITO": "Rural"
            },
            "geometry": {
                "type": "MultiPolygon",
                "coordinates": [
                    [
                        [
                            [
                                -91.263073942979062,
                                17.752640894823781
                            ],
                            [
                                -91.263048930141551,
                                17.75238744234278
                            ],
                            [
                                -91.265473366551959,
                                17.752950678049526
                            ],
                            [
                                -91.267727983206484,
                                17.753483318346824
                            ],
                            [
                                -91.267261337594448,
                                17.755111886249512
                            ],
                            [
                                -91.267035455377837,
                                17.755905660617579
                            ],
                            [
                                -91.266812303799242,
                                17.756704233270465
                            ],
                            [
                                -91.26647457245798,
                                17.757897537906636
                            ],
                            [
                                -91.264987017106407,
                                17.757517393327618
                            ],
                            [
                                -91.265074136834414,
                                17.757249367500073
                            ],
                            [
                                -91.263487559537111,
                                17.757420700623179
                            ],
                            [
                                -91.26337762380922,
                                17.755829244978742
                            ],
                            [
                                -91.263299623125491,
                                17.754973524759897
                            ],
                            [
                                -91.263223403518055,
                                17.75404732520304
                            ],
                            [
                                -91.263150634602269,
                                17.75351037611156
                            ],
                            [
                                -91.263073942979062,
                                17.752640894823781
                            ]
                        ]
                    ]
                ]
            }
        },
        {
            "type": "Feature",
            "properties": {
                "EDICION": "2025",
                "VERSION": "1",
                "TIPO_GEO": "l",
                "CVEGEO": "270010012",
                "CVE_ENT": "27",
                "CVE_MUN": "001",
                "CVE_LOC": "0012",
                "NOMGEO": "Buenavista Veintitres",
                "AMBITO": "Rural"
            },
            "geometry": {
                "type": "MultiPolygon",
                "coordinates": [
                    [
                        [
                            [
                                -91.00543276316715,
                                17.559045735743684
                            ],
                            [
                                -91.005505703700095,
                                17.557737866491099
                            ],
                            [
                                -91.005563152526847,
                                17.557742684804484
                            ],
                            [
                                -91.00653683424018,
                                17.557824466130793
                            ],
                            [
                                -91.006579982327011,
                                17.557828085455213
                            ],
                            [
                                -91.006626793224711,
                                17.557832025369613
                            ],
                            [
                                -91.007905491997889,
                                17.557939406451311
                            ],
                            [
                                -91.007952582436815,
                                17.557943371975679
                            ],
                            [
                                -91.007995462403841,
                                17.557946965698328
                            ],
                            [
                                -91.009246152318156,
                                17.558051994616534
                            ],
                            [
                                -91.009291763135352,
                                17.558055796354576
                            ],
                            [
                                -91.009336102640447,
                                17.558059546130323
                            ],
                            [
                                -91.01059690161361,
                                17.558165395199794
                            ],
                            [
                                -91.010641791732041,
                                17.558169136194266
                            ],
                            [
                                -91.01068687289208,
                                17.558172945622204
                            ],
                            [
                                -91.01082349147282,
                                17.558184545783185
                            ],
                            [
                                -91.010880382308983,
                                17.558189255683388
                            ],
                            [
                                -91.010926322097845,
                                17.558193055767571
                            ],
                            [
                                -91.012009131994901,
                                17.558283965046634
                            ],
                            [
                                -91.012053841856442,
                                17.558287715902384
                            ],
                            [
                                -91.012099092013102,
                                17.55829151559271
                            ],
                            [
                                -91.01335369147796,
                                17.558396824821735
                            ],
                            [
                                -91.013399892012671,
                                17.558400224626705
                            ],
                            [
                                -91.013443670412599,
                                17.558403455146237
                            ],
                            [
                                -91.014191150171712,
                                17.558458485975038
                            ],
                            [
                                -91.014190331900195,
                                17.558467485055914
                            ],
                            [
                                -91.014265831261028,
                                17.558473095995485
                            ],
                            [
                                -91.014187181684548,
                                17.560246066105545
                            ],
                            [
                                -91.014139931973219,
                                17.560941314379157
                            ],
                            [
                                -91.014091491029461,
                                17.562182284175677
                            ],
                            [
                                -91.013998361969655,
                                17.562175435154565
                            ],
                            [
                                -91.013341471910039,
                                17.562127067028623
                            ],
                            [
                                -91.013295521998316,
                                17.56212368391617
                            ],
                            [
                                -91.013251472640675,
                                17.562120518662592
                            ],
                            [
                                -91.011996464784289,
                                17.562029545216614
                            ],
                            [
                                -91.011952533544388,
                                17.562026368335378
                            ],
                            [
                                -91.011906472872482,
                                17.562023023763459
                            ],
                            [
                                -91.010583763930185,
                                17.561927138301971
                            ],
                            [
                                -91.010536643523892,
                                17.561923718885215
                            ],
                            [
                                -91.010493763192159,
                                17.561920609901925
                            ],
                            [
                                -91.009232533420658,
                                17.561829178366938
                            ],
                            [
                                -91.009190034496669,
                                17.561826097098027
                            ],
                            [
                                -91.009142553475073,
                                17.56182265067665
                            ],
                            [
                                -91.007891432889096,
                                17.561731943234136
                            ],
                            [
                                -91.007847192453241,
                                17.561728735107614
                            ],
                            [
                                -91.007801452205172,
                                17.561725425549703
                            ],
                            [
                                -91.006522147167104,
                                17.561634829058804
                            ],
                            [
                                -91.006473894069359,
                                17.561631515224562
                            ],
                            [
                                -91.006474408540669,
                                17.561622517281766
                            ],
                            [
                                -91.006475732723345,
                                17.561597695119346
                            ],
                            [
                                -91.006476463658643,
                                17.561588684122789
                            ],
                            [
                                -91.005314792806715,
                                17.561494064324048
                            ],
                            [
                                -91.005348464015071,
                                17.560504855776756
                            ],
                            [
                                -91.005355633508017,
                                17.560294404150167
                            ],
                            [
                                -91.005391783850939,
                                17.559624285742206
                            ],
                            [
                                -91.00543276316715,
                                17.559045735743684
                            ]
                        ]
                    ]
                ]
            }
        },
        {
            "type": "Feature",
            "properties": {
                "EDICION": "2025",
                "VERSION": "1",
                "TIPO_GEO": "l",
                "CVEGEO": "270010004",
                "CVE_ENT": "27",
                "CVE_MUN": "001",
                "CVE_LOC": "0004",
                "NOMGEO": "El aguila",
                "AMBITO": "Rural"
            },
            "geometry": {
                "type": "MultiPolygon",
                "coordinates": [
                    [
                        [
                            [
                                -91.262015396644472,
                                17.658216853598525
                            ],
                            [
                                -91.261315619177594,
                                17.656444656355209
                            ],
                            [
                                -91.261168377337299,
                                17.656162512064281
                            ],
                            [
                                -91.261034827987473,
                                17.655803970616429
                            ],
                            [
                                -91.260998758402636,
                                17.655418492990709
                            ],
                            [
                                -91.261037790217813,
                                17.654664968940111
                            ],
                            [
                                -91.261062301273427,
                                17.654164769438331
                            ],
                            [
                                -91.261081446847584,
                                17.653976386439972
                            ],
                            [
                                -91.261127785116329,
                                17.653857768335193
                            ],
                            [
                                -91.261221974873649,
                                17.653706371627916
                            ],
                            [
                                -91.261506601359557,
                                17.653473188596454
                            ],
                            [
                                -91.26173434566229,
                                17.653373696602735
                            ],
                            [
                                -91.261889672366721,
                                17.653419891149735
                            ],
                            [
                                -91.261955655940582,
                                17.653394566625678
                            ],
                            [
                                -91.262753003532993,
                                17.652820181363641
                            ],
                            [
                                -91.262799023439229,
                                17.652790941217575
                            ],
                            [
                                -91.262831883741484,
                                17.652770410650181
                            ],
                            [
                                -91.262930083928282,
                                17.652707981287222
                            ],
                            [
                                -91.263616722868264,
                                17.652269811963411
                            ],
                            [
                                -91.263643294472672,
                                17.652252981801126
                            ],
                            [
                                -91.264009693589415,
                                17.652028631397958
                            ],
                            [
                                -91.264109422845308,
                                17.651968441202218
                            ],
                            [
                                -91.264536423514627,
                                17.651699602168812
                            ],
                            [
                                -91.264709523906944,
                                17.651586061100797
                            ],
                            [
                                -91.264803432977729,
                                17.651517752012495
                            ],
                            [
                                -91.264899513572786,
                                17.65145235239228
                            ],
                            [
                                -91.26508217412524,
                                17.651321770821468
                            ],
                            [
                                -91.265469219350493,
                                17.651008585905274
                            ],
                            [
                                -91.267436882907845,
                                17.649692267422967
                            ],
                            [
                                -91.267472141514318,
                                17.649732666630964
                            ],
                            [
                                -91.267899794657623,
                                17.650222649596085
                            ],
                            [
                                -91.267913139654496,
                                17.650237939409244
                            ],
                            [
                                -91.268614702070963,
                                17.649643658489953
                            ],
                            [
                                -91.269116605224838,
                                17.650172693507894
                            ],
                            [
                                -91.268151340575457,
                                17.65145316774672
                            ],
                            [
                                -91.267373830962597,
                                17.652104880937788
                            ],
                            [
                                -91.266746155692786,
                                17.652659628423258
                            ],
                            [
                                -91.268028299493338,
                                17.654226497121584
                            ],
                            [
                                -91.262897257553462,
                                17.658111455372538
                            ],
                            [
                                -91.262615637615227,
                                17.658258441343051
                            ],
                            [
                                -91.262532495206358,
                                17.658183697736611
                            ],
                            [
                                -91.262462761951014,
                                17.658087541167756
                            ],
                            [
                                -91.262401071636461,
                                17.65802157081492
                            ],
                            [
                                -91.262253551824116,
                                17.657930043716572
                            ],
                            [
                                -91.262145202346829,
                                17.658063225533457
                            ],
                            [
                                -91.262015396644472,
                                17.658216853598525
                            ]
                        ]
                    ]
                ]
            }
        },
        {
            "type": "Feature",
            "properties": {
                "EDICION": "2025",
                "VERSION": "1",
                "TIPO_GEO": "l",
                "CVEGEO": "270010025",
                "CVE_ENT": "27",
                "CVE_MUN": "001",
                "CVE_LOC": "0025",
                "NOMGEO": "Cuyos de Caoba",
                "AMBITO": "Rural"
            },
            "geometry": {
                "type": "MultiPolygon",
                "coordinates": [
                    [
                        [
                            [
                                -91.056700720561622,
                                17.572049591984008
                            ],
                            [
                                -91.056573320377495,
                                17.573627371845451
                            ],
                            [
                                -91.056549484687025,
                                17.573839450372059
                            ],
                            [
                                -91.053653868011253,
                                17.573771567343591
                            ],
                            [
                                -91.052891100343786,
                                17.57376585257531
                            ],
                            [
                                -91.052889309698116,
                                17.573674213993606
                            ],
                            [
                                -91.051846821497605,
                                17.573613261554829
                            ],
                            [
                                -91.051993781497814,
                                17.572501031698767
                            ],
                            [
                                -91.052126521362823,
                                17.5714472627083
                            ],
                            [
                                -91.052281771204889,
                                17.570316971804935
                            ],
                            [
                                -91.052480539963739,
                                17.568981562472899
                            ],
                            [
                                -91.05483771015858,
                                17.569769763157264
                            ],
                            [
                                -91.055929570172523,
                                17.570134801937161
                            ],
                            [
                                -91.0568326195651,
                                17.570436791827461
                            ],
                            [
                                -91.056700720561622,
                                17.572049591984008
                            ]
                        ]
                    ]
                ]
            }
        },
        {
            "type": "Feature",
            "properties": {
                "EDICION": "2025",
                "VERSION": "1",
                "TIPO_GEO": "l",
                "CVEGEO": "270010129",
                "CVE_ENT": "27",
                "CVE_MUN": "001",
                "CVE_LOC": "0129",
                "NOMGEO": "Arroyo el Triunfo 2da. Seccion",
                "AMBITO": "Rural"
            },
            "geometry": {
                "type": "MultiPolygon",
                "coordinates": [
                    [
                        [
                            [
                                -91.04440126863463,
                                17.706531621430067
                            ],
                            [
                                -91.043458408763584,
                                17.707041681077193
                            ],
                            [
                                -91.042469992470672,
                                17.707542396722083
                            ],
                            [
                                -91.041496793816592,
                                17.708071806564568
                            ],
                            [
                                -91.040026000540408,
                                17.705552567131441
                            ],
                            [
                                -91.040983483985627,
                                17.705027870920084
                            ],
                            [
                                -91.041914239328946,
                                17.704503269778506
                            ],
                            [
                                -91.042891217622383,
                                17.703970062153818
                            ],
                            [
                                -91.04440126863463,
                                17.706531621430067
                            ]
                        ]
                    ]
                ]
            }
        },
        {
            "type": "Feature",
            "properties": {
                "EDICION": "2025",
                "VERSION": "1",
                "TIPO_GEO": "l",
                "CVEGEO": "270010019",
                "CVE_ENT": "27",
                "CVE_MUN": "001",
                "CVE_LOC": "0019",
                "NOMGEO": "Los Cenotes",
                "AMBITO": "Rural"
            },
            "geometry": {
                "type": "MultiPolygon",
                "coordinates": [
                    [
                        [
                            [
                                -91.037242853021525,
                                17.637513545871858
                            ],
                            [
                                -91.036438784347936,
                                17.637207546242021
                            ],
                            [
                                -91.036715547975774,
                                17.636481075586325
                            ],
                            [
                                -91.036163721620454,
                                17.636277556668787
                            ],
                            [
                                -91.035996105421319,
                                17.636042920690567
                            ],
                            [
                                -91.03604045951036,
                                17.63578783930555
                            ],
                            [
                                -91.036212841249281,
                                17.635690971738889
                            ],
                            [
                                -91.036288303143721,
                                17.635346024974805
                            ],
                            [
                                -91.036471051659092,
                                17.635185120044934
                            ],
                            [
                                -91.036633228264776,
                                17.63513703745069
                            ],
                            [
                                -91.036649944409334,
                                17.635020976939135
                            ],
                            [
                                -91.036615387377722,
                                17.634809575637721
                            ],
                            [
                                -91.036694668273441,
                                17.634632301693799
                            ],
                            [
                                -91.036809409217781,
                                17.634431194065726
                            ],
                            [
                                -91.036907832750231,
                                17.634329793842227
                            ],
                            [
                                -91.036931153561724,
                                17.634207944420961
                            ],
                            [
                                -91.036752489919792,
                                17.633913120572448
                            ],
                            [
                                -91.037079222814256,
                                17.633167319160943
                            ],
                            [
                                -91.037197502282297,
                                17.632850619770075
                            ],
                            [
                                -91.03639687517115,
                                17.632770533042969
                            ],
                            [
                                -91.035556212474617,
                                17.632717628281199
                            ],
                            [
                                -91.034352204690578,
                                17.632634347695639
                            ],
                            [
                                -91.034592530275788,
                                17.631864592328959
                            ],
                            [
                                -91.034862122460908,
                                17.631045739919411
                            ],
                            [
                                -91.036109613511556,
                                17.631138570048257
                            ],
                            [
                                -91.036964309472509,
                                17.631216968219874
                            ],
                            [
                                -91.03782786255185,
                                17.631266521430042
                            ],
                            [
                                -91.038641024433147,
                                17.631354545821303
                            ],
                            [
                                -91.039541200135702,
                                17.631466460482102
                            ],
                            [
                                -91.038981633069113,
                                17.632925711700366
                            ],
                            [
                                -91.039851123087587,
                                17.633018053350447
                            ],
                            [
                                -91.039888666616775,
                                17.633073213874674
                            ],
                            [
                                -91.039897590548932,
                                17.633119613007139
                            ],
                            [
                                -91.039523680150936,
                                17.634088549350491
                            ],
                            [
                                -91.039217512976748,
                                17.634861015327388
                            ],
                            [
                                -91.038937357834328,
                                17.635549553975391
                            ],
                            [
                                -91.038633984159205,
                                17.636303650439956
                            ],
                            [
                                -91.03833649312989,
                                17.637062263666966
                            ],
                            [
                                -91.038122348912694,
                                17.637635450985798
                            ],
                            [
                                -91.038068811390133,
                                17.637740148588897
                            ],
                            [
                                -91.038055847593668,
                                17.637776857726035
                            ],
                            [
                                -91.037242853021525,
                                17.637513545871858
                            ]
                        ]
                    ]
                ]
            }
        },
        {
            "type": "Feature",
            "properties": {
                "EDICION": "2025",
                "VERSION": "1",
                "TIPO_GEO": "l",
                "CVEGEO": "270010060",
                "CVE_ENT": "27",
                "CVE_MUN": "001",
                "CVE_LOC": "0060",
                "NOMGEO": "El Ramonal",
                "AMBITO": "Rural"
            },
            "geometry": {
                "type": "MultiPolygon",
                "coordinates": [
                    [
                        [
                            [
                                -91.023482997015307,
                                17.683263428457511
                            ],
                            [
                                -91.023856943206042,
                                17.682508575119748
                            ],
                            [
                                -91.02460743611401,
                                17.682819841847486
                            ],
                            [
                                -91.024989398368277,
                                17.682066491497658
                            ],
                            [
                                -91.025735183389202,
                                17.682411007555782
                            ],
                            [
                                -91.026459916884107,
                                17.682754143202676
                            ],
                            [
                                -91.026600566624268,
                                17.682258865266647
                            ],
                            [
                                -91.02830354829544,
                                17.683035141921831
                            ],
                            [
                                -91.029162769841562,
                                17.683417413880676
                            ],
                            [
                                -91.030041686253298,
                                17.683825847242542
                            ],
                            [
                                -91.029866496113286,
                                17.684218947879149
                            ],
                            [
                                -91.030632598255423,
                                17.684606290471937
                            ],
                            [
                                -91.031508921388678,
                                17.685008197424558
                            ],
                            [
                                -91.031108096533345,
                                17.685828421967393
                            ],
                            [
                                -91.03073846740854,
                                17.68662670281612
                            ],
                            [
                                -91.030335539664236,
                                17.687400865853814
                            ],
                            [
                                -91.029462035828757,
                                17.687015440650448
                            ],
                            [
                                -91.028592241849609,
                                17.686617311063173
                            ],
                            [
                                -91.027796737400351,
                                17.68626801002943
                            ],
                            [
                                -91.026988184331785,
                                17.685890569535005
                            ],
                            [
                                -91.026196057097721,
                                17.685540663127814
                            ],
                            [
                                -91.025412438149289,
                                17.685170193299676
                            ],
                            [
                                -91.024613527543906,
                                17.684812332150663
                            ],
                            [
                                -91.023762342459008,
                                17.684434405459005
                            ],
                            [
                                -91.023086029116058,
                                17.684120392559372
                            ],
                            [
                                -91.023482997015307,
                                17.683263428457511
                            ]
                        ]
                    ]
                ]
            }
        },
        {
            "type": "Feature",
            "properties": {
                "EDICION": "2025",
                "VERSION": "1",
                "TIPO_GEO": "l",
                "CVEGEO": "270010607",
                "CVE_ENT": "27",
                "CVE_MUN": "001",
                "CVE_LOC": "0607",
                "NOMGEO": "Ingeniero Emilio Lopez Zamora",
                "AMBITO": "Rural"
            },
            "geometry": {
                "type": "MultiPolygon",
                "coordinates": [
                    [
                        [
                            [
                                -91.057794082200061,
                                17.822287398077336
                            ],
                            [
                                -91.057929962803897,
                                17.822304930472416
                            ],
                            [
                                -91.059462894840138,
                                17.823778198172938
                            ],
                            [
                                -91.062784946780681,
                                17.826997340867045
                            ],
                            [
                                -91.06280707810258,
                                17.827104926714874
                            ],
                            [
                                -91.062810428360166,
                                17.827111676353084
                            ],
                            [
                                -91.062821507641786,
                                17.827220725502361
                            ],
                            [
                                -91.062824227106759,
                                17.827333705288041
                            ],
                            [
                                -91.062826947295306,
                                17.827446676079923
                            ],
                            [
                                -91.06282967704341,
                                17.827559645778145
                            ],
                            [
                                -91.062832398404083,
                                17.827672625762627
                            ],
                            [
                                -91.06283511860606,
                                17.827785596615637
                            ],
                            [
                                -91.06283584839224,
                                17.82781553572741
                            ],
                            [
                                -91.062835796795426,
                                17.827847936389876
                            ],
                            [
                                -91.062835737012236,
                                17.827917296014782
                            ],
                            [
                                -91.06283561812802,
                                17.82802370699563
                            ],
                            [
                                -91.062835486838537,
                                17.828136704964834
                            ],
                            [
                                -91.062835368881082,
                                17.82824972569027
                            ],
                            [
                                -91.062835246858697,
                                17.828362726191884
                            ],
                            [
                                -91.062835117307017,
                                17.828475726162836
                            ],
                            [
                                -91.062835018015221,
                                17.828588726555459
                            ],
                            [
                                -91.062834887744089,
                                17.82870173558139
                            ],
                            [
                                -91.062834767603135,
                                17.828814736302363
                            ],
                            [
                                -91.062834647605825,
                                17.828927735240907
                            ],
                            [
                                -91.062834518353384,
                                17.829040755282787
                            ],
                            [
                                -91.062834398211905,
                                17.829153756065022
                            ],
                            [
                                -91.06282674862166,
                                17.829297536854259
                            ],
                            [
                                -91.062834177736292,
                                17.829348016494169
                            ],
                            [
                                -91.06283433874286,
                                17.829375924813231
                            ],
                            [
                                -91.062834776531858,
                                17.829461166053079
                            ],
                            [
                                -91.062834917189463,
                                17.829488926006821
                            ],
                            [
                                -91.062835368442762,
                                17.829574164620599
                            ],
                            [
                                -91.062835516629704,
                                17.829601925130344
                            ],
                            [
                                -91.062835967739986,
                                17.829687165562383
                            ],
                            [
                                -91.062836107535148,
                                17.829714936343066
                            ],
                            [
                                -91.062836548215316,
                                17.82980016514707
                            ],
                            [
                                -91.06283670697735,
                                17.829827935507385
                            ],
                            [
                                -91.062837147658342,
                                17.829913164326786
                            ],
                            [
                                -91.062837287453888,
                                17.829940935117499
                            ],
                            [
                                -91.062837737847261,
                                17.830026184609846
                            ],
                            [
                                -91.062837886754309,
                                17.830053936125523
                            ],
                            [
                                -91.062837481620718,
                                17.830076101873743
                            ],
                            [
                                -91.0619422467189,
                                17.830071974753785
                            ],
                            [
                                -91.060434316209808,
                                17.830069598278541
                            ],
                            [
                                -91.060274381164362,
                                17.83006976683027
                            ],
                            [
                                -91.060211172770963,
                                17.830070897382544
                            ],
                            [
                                -91.058977154809511,
                                17.830075643500134
                            ],
                            [
                                -91.057784548345978,
                                17.830072292874021
                            ],
                            [
                                -91.05778644369272,
                                17.828908965553495
                            ],
                            [
                                -91.057790722923841,
                                17.828132414415133
                            ],
                            [
                                -91.05778427581339,
                                17.827735325061557
                            ],
                            [
                                -91.057786778452027,
                                17.826884726101003
                            ],
                            [
                                -91.057788071461403,
                                17.825493564134106
                            ],
                            [
                                -91.057790882957605,
                                17.825100358517734
                            ],
                            [
                                -91.057790551582002,
                                17.825064350339026
                            ],
                            [
                                -91.057787368931187,
                                17.824524668899446
                            ],
                            [
                                -91.057794082200061,
                                17.822287398077336
                            ]
                        ]
                    ]
                ]
            }
        },
        {
            "type": "Feature",
            "properties": {
                "EDICION": "2025",
                "VERSION": "1",
                "TIPO_GEO": "l",
                "CVEGEO": "270010023",
                "CVE_ENT": "27",
                "CVE_MUN": "001",
                "CVE_LOC": "0023",
                "NOMGEO": "Quetzalcoatl (Cuatro Poblados)",
                "AMBITO": "Rural"
            },
            "geometry": {
                "type": "MultiPolygon",
                "coordinates": [
                    [
                        [
                            [
                                -91.057794082200061,
                                17.822287398077336
                            ],
                            [
                                -91.057787368931187,
                                17.824524668899446
                            ],
                            [
                                -91.057790551582002,
                                17.825064350339026
                            ],
                            [
                                -91.057790882957605,
                                17.825100358517734
                            ],
                            [
                                -91.057788071461403,
                                17.825493564134106
                            ],
                            [
                                -91.057786778452027,
                                17.826884726101003
                            ],
                            [
                                -91.05778427581339,
                                17.827735325061557
                            ],
                            [
                                -91.057790722923841,
                                17.828132414415133
                            ],
                            [
                                -91.05778644369272,
                                17.828908965553495
                            ],
                            [
                                -91.057784548345978,
                                17.830072292874021
                            ],
                            [
                                -91.055349618369689,
                                17.830067893594368
                            ],
                            [
                                -91.055151084033938,
                                17.830067036044372
                            ],
                            [
                                -91.053608647807678,
                                17.830053657094055
                            ],
                            [
                                -91.052766692715494,
                                17.830046897484866
                            ],
                            [
                                -91.052764320524972,
                                17.830008556140704
                            ],
                            [
                                -91.052771820237766,
                                17.829257706196564
                            ],
                            [
                                -91.052773680031578,
                                17.82841727595099
                            ],
                            [
                                -91.052768401203082,
                                17.827763616007825
                            ],
                            [
                                -91.052766250651203,
                                17.827647135553626
                            ],
                            [
                                -91.052784231102535,
                                17.827128985496142
                            ],
                            [
                                -91.052853119827375,
                                17.827022985702417
                            ],
                            [
                                -91.053005740324849,
                                17.826868196516589
                            ],
                            [
                                -91.05308211087258,
                                17.82679669606479
                            ],
                            [
                                -91.05317854056608,
                                17.826698705771928
                            ],
                            [
                                -91.05350128024638,
                                17.826400705727533
                            ],
                            [
                                -91.053947570628708,
                                17.825959706412021
                            ],
                            [
                                -91.054721000208261,
                                17.825223936306806
                            ],
                            [
                                -91.055520312256533,
                                17.82445895402109
                            ],
                            [
                                -91.056302089960013,
                                17.823714011696715
                            ],
                            [
                                -91.056513170168373,
                                17.823507907967187
                            ],
                            [
                                -91.057480229757815,
                                17.822574818443258
                            ],
                            [
                                -91.057794082200061,
                                17.822287398077336
                            ]
                        ]
                    ]
                ]
            }
        },
        {
            "type": "Feature",
            "properties": {
                "EDICION": "2025",
                "VERSION": "1",
                "TIPO_GEO": "l",
                "CVEGEO": "270010119",
                "CVE_ENT": "27",
                "CVE_MUN": "001",
                "CVE_LOC": "0119",
                "NOMGEO": "Presidente Adolfo Lopez Mateos",
                "AMBITO": "Rural"
            },
            "geometry": {
                "type": "MultiPolygon",
                "coordinates": [
                    [
                        [
                            [
                                -91.238595163025991,
                                17.882927211105507
                            ],
                            [
                                -91.238669637389805,
                                17.882468041263522
                            ],
                            [
                                -91.238768728813596,
                                17.881894247808972
                            ],
                            [
                                -91.238925872843581,
                                17.881042078830902
                            ],
                            [
                                -91.238989311167131,
                                17.880859092578433
                            ],
                            [
                                -91.239200668656494,
                                17.879887100355983
                            ],
                            [
                                -91.240249525524746,
                                17.880205191571324
                            ],
                            [
                                -91.243062809316427,
                                17.880976353562815
                            ],
                            [
                                -91.242987378126671,
                                17.880927092722867
                            ],
                            [
                                -91.242925599984346,
                                17.880817882918446
                            ],
                            [
                                -91.242686409378877,
                                17.878408083793516
                            ],
                            [
                                -91.242646519520179,
                                17.878114872597788
                            ],
                            [
                                -91.242887403437578,
                                17.878403651345479
                            ],
                            [
                                -91.244504192584856,
                                17.880130803681304
                            ],
                            [
                                -91.244587318353211,
                                17.880195292441883
                            ],
                            [
                                -91.244982777406491,
                                17.880616452416788
                            ],
                            [
                                -91.245446037407305,
                                17.881115251885198
                            ],
                            [
                                -91.245544117961472,
                                17.881216882882885
                            ],
                            [
                                -91.245921237831482,
                                17.881603062529184
                            ],
                            [
                                -91.24620705870818,
                                17.881903943374226
                            ],
                            [
                                -91.246283795871832,
                                17.881989900230153
                            ],
                            [
                                -91.246829268478137,
                                17.882597201718514
                            ],
                            [
                                -91.247012717942212,
                                17.882784081903548
                            ],
                            [
                                -91.24746692676689,
                                17.883272521676243
                            ],
                            [
                                -91.247801547270427,
                                17.883638751150063
                            ],
                            [
                                -91.248174117759234,
                                17.88403101222632
                            ],
                            [
                                -91.2479659179442,
                                17.884461771709436
                            ],
                            [
                                -91.247383776828599,
                                17.884322772129224
                            ],
                            [
                                -91.246773172544977,
                                17.884152194775101
                            ],
                            [
                                -91.245754178598659,
                                17.883918980984223
                            ],
                            [
                                -91.24556702741566,
                                17.884872250839052
                            ],
                            [
                                -91.245140007785849,
                                17.884763781518529
                            ],
                            [
                                -91.244659118033127,
                                17.884648291290617
                            ],
                            [
                                -91.244565298445039,
                                17.88461168184547
                            ],
                            [
                                -91.244052898780524,
                                17.884445281980319
                            ],
                            [
                                -91.243559837657656,
                                17.884292741943245
                            ],
                            [
                                -91.243305728715868,
                                17.884212581358771
                            ],
                            [
                                -91.242765169791994,
                                17.884047491126474
                            ],
                            [
                                -91.242589658839179,
                                17.884382602002589
                            ],
                            [
                                -91.24252240984876,
                                17.884337411118167
                            ],
                            [
                                -91.241733459287005,
                                17.883811250975345
                            ],
                            [
                                -91.241592269571782,
                                17.883678741872259
                            ],
                            [
                                -91.241307228882178,
                                17.883580001143496
                            ],
                            [
                                -91.241138319469613,
                                17.883541831961765
                            ],
                            [
                                -91.240120690404879,
                                17.883352601646553
                            ],
                            [
                                -91.239701422561751,
                                17.883261645313763
                            ],
                            [
                                -91.238595163025991,
                                17.882927211105507
                            ]
                        ]
                    ]
                ]
            }
        },
        {
            "type": "Feature",
            "properties": {
                "EDICION": "2025",
                "VERSION": "1",
                "TIPO_GEO": "l",
                "CVEGEO": "270010011",
                "CVE_ENT": "27",
                "CVE_MUN": "001",
                "CVE_LOC": "0011",
                "NOMGEO": "El Bari",
                "AMBITO": "Rural"
            },
            "geometry": {
                "type": "MultiPolygon",
                "coordinates": [
                    [
                        [
                            [
                                -91.233944250814176,
                                17.662134468719866
                            ],
                            [
                                -91.232163263424155,
                                17.663371460179487
                            ],
                            [
                                -91.230977727903181,
                                17.661720432325772
                            ],
                            [
                                -91.232796266440474,
                                17.660447649138497
                            ],
                            [
                                -91.233944250814176,
                                17.662134468719866
                            ]
                        ]
                    ],
                    [
                        [
                            [
                                -91.223787223734107,
                                17.679246422641643
                            ],
                            [
                                -91.224624330270061,
                                17.679068888377859
                            ],
                            [
                                -91.224948950156573,
                                17.679024542042193
                            ],
                            [
                                -91.225319837219544,
                                17.679009584354493
                            ],
                            [
                                -91.225623508196037,
                                17.679114941014312
                            ],
                            [
                                -91.226147378120515,
                                17.679294017866205
                            ],
                            [
                                -91.226280211496473,
                                17.679315487531618
                            ],
                            [
                                -91.226492370721601,
                                17.67932979681942
                            ],
                            [
                                -91.226712713503915,
                                17.679299990164484
                            ],
                            [
                                -91.226816173637246,
                                17.679244667687634
                            ],
                            [
                                -91.22686223911694,
                                17.679336779415127
                            ],
                            [
                                -91.22670979803577,
                                17.679488222411543
                            ],
                            [
                                -91.226444625482983,
                                17.679650629693217
                            ],
                            [
                                -91.226247089169917,
                                17.679713118431856
                            ],
                            [
                                -91.226124501435478,
                                17.679745042019807
                            ],
                            [
                                -91.225980313699878,
                                17.679725476695182
                            ],
                            [
                                -91.225614396832668,
                                17.679626149113499
                            ],
                            [
                                -91.225455291241914,
                                17.679575955468234
                            ],
                            [
                                -91.22535377785924,
                                17.679538111607783
                            ],
                            [
                                -91.225303726299458,
                                17.679519451713666
                            ],
                            [
                                -91.22528494998754,
                                17.679509892441153
                            ],
                            [
                                -91.22508627631963,
                                17.679437833122336
                            ],
                            [
                                -91.224866366292659,
                                17.679434845162795
                            ],
                            [
                                -91.224575379021815,
                                17.679393886518788
                            ],
                            [
                                -91.224319493207787,
                                17.679415710632291
                            ],
                            [
                                -91.224003497520187,
                                17.679463892962136
                            ],
                            [
                                -91.223590073170101,
                                17.679554924446929
                            ],
                            [
                                -91.22336749133585,
                                17.67961931549527
                            ],
                            [
                                -91.223346950090402,
                                17.679553648057198
                            ],
                            [
                                -91.22333999541479,
                                17.679514776525771
                            ],
                            [
                                -91.223316977722675,
                                17.679409994256591
                            ],
                            [
                                -91.223787223734107,
                                17.679246422641643
                            ]
                        ]
                    ]
                ]
            }
        },
        {
            "type": "Feature",
            "properties": {
                "EDICION": "2025",
                "VERSION": "1",
                "TIPO_GEO": "l",
                "CVEGEO": "270010474",
                "CVE_ENT": "27",
                "CVE_MUN": "001",
                "CVE_LOC": "0474",
                "NOMGEO": "Ultimo Esfuerzo",
                "AMBITO": "Rural"
            },
            "geometry": {
                "type": "MultiPolygon",
                "coordinates": [
                    [
                        [
                            [
                                -91.241679230447346,
                                17.724848252257672
                            ],
                            [
                                -91.240525350169207,
                                17.724522254015216
                            ],
                            [
                                -91.239362011102216,
                                17.724187762650178
                            ],
                            [
                                -91.239540610783948,
                                17.723570043967488
                            ],
                            [
                                -91.240715970044263,
                                17.723922553139595
                            ],
                            [
                                -91.240995857730852,
                                17.724001294465957
                            ],
                            [
                                -91.241870699177525,
                                17.724266902902276
                            ],
                            [
                                -91.241679230447346,
                                17.724848252257672
                            ]
                        ]
                    ]
                ]
            }
        },
        {
            "type": "Feature",
            "properties": {
                "EDICION": "2025",
                "VERSION": "1",
                "TIPO_GEO": "l",
                "CVEGEO": "270010108",
                "CVE_ENT": "27",
                "CVE_MUN": "001",
                "CVE_LOC": "0108",
                "NOMGEO": "Licenciado Gustavo Diaz Ordaz",
                "AMBITO": "Rural"
            },
            "geometry": {
                "type": "MultiPolygon",
                "coordinates": [
                    [
                        [
                            [
                                -91.218888351263558,
                                17.962947944887169
                            ],
                            [
                                -91.219699090301972,
                                17.9622814350558
                            ],
                            [
                                -91.220229360279745,
                                17.962946975019012
                            ],
                            [
                                -91.220242610492022,
                                17.962964715546867
                            ],
                            [
                                -91.220256900229643,
                                17.962983815006634
                            ],
                            [
                                -91.220904390380326,
                                17.963780664655523
                            ],
                            [
                                -91.221566249702988,
                                17.96456960463733
                            ],
                            [
                                -91.221660149675429,
                                17.964683435040907
                            ],
                            [
                                -91.222181490189371,
                                17.965297484680153
                            ],
                            [
                                -91.222202980161413,
                                17.965321814500282
                            ],
                            [
                                -91.222236889935019,
                                17.965360234875188
                            ],
                            [
                                -91.22254161983814,
                                17.965707684269724
                            ],
                            [
                                -91.222871269954425,
                                17.966108184205495
                            ],
                            [
                                -91.223042179862276,
                                17.966325323846828
                            ],
                            [
                                -91.22234204015443,
                                17.966822694437138
                            ],
                            [
                                -91.222219819956322,
                                17.966913493713953
                            ],
                            [
                                -91.222183820044847,
                                17.966870153833312
                            ],
                            [
                                -91.221428470368991,
                                17.966001264233839
                            ],
                            [
                                -91.221405719992134,
                                17.965975913985215
                            ],
                            [
                                -91.221382010558628,
                                17.965949494429623
                            ],
                            [
                                -91.221095389959601,
                                17.96562058462003
                            ],
                            [
                                -91.220760410074433,
                                17.965204604784098
                            ],
                            [
                                -91.220734700765135,
                                17.965169514448256
                            ],
                            [
                                -91.220662610665542,
                                17.965085944206862
                            ],
                            [
                                -91.220140070340079,
                                17.964472784522584
                            ],
                            [
                                -91.220073420532927,
                                17.964390634422376
                            ],
                            [
                                -91.220020020930633,
                                17.964326155051641
                            ],
                            [
                                -91.219429100889485,
                                17.96362060497292
                            ],
                            [
                                -91.21941233046347,
                                17.963601014678265
                            ],
                            [
                                -91.219395051230492,
                                17.963580834566987
                            ],
                            [
                                -91.219338420439698,
                                17.963510454656848
                            ],
                            [
                                -91.21891096091926,
                                17.962976215163629
                            ],
                            [
                                -91.218888351263558,
                                17.962947944887169
                            ]
                        ]
                    ]
                ]
            }
        },
        {
            "type": "Feature",
            "properties": {
                "EDICION": "2025",
                "VERSION": "1",
                "TIPO_GEO": "l",
                "CVEGEO": "270010760",
                "CVE_ENT": "27",
                "CVE_MUN": "001",
                "CVE_LOC": "0760",
                "NOMGEO": "El Silencio",
                "AMBITO": "Rural"
            },
            "geometry": {
                "type": "MultiPolygon",
                "coordinates": [
                    [
                        [
                            [
                                -91.218485006753909,
                                17.781109067676962
                            ],
                            [
                                -91.217945883027625,
                                17.78112567012851
                            ],
                            [
                                -91.217877487906478,
                                17.780621237333694
                            ],
                            [
                                -91.217803727350571,
                                17.780127022262747
                            ],
                            [
                                -91.217784951038567,
                                17.779824999351796
                            ],
                            [
                                -91.21776885797901,
                                17.779650363190981
                            ],
                            [
                                -91.217774892905894,
                                17.779516433264124
                            ],
                            [
                                -91.217799368349688,
                                17.779250248328601
                            ],
                            [
                                -91.216321806929756,
                                17.7792241471167
                            ],
                            [
                                -91.216324488693871,
                                17.779137308631647
                            ],
                            [
                                -91.216992358731304,
                                17.777334099386369
                            ],
                            [
                                -91.216992358635238,
                                17.777226824963385
                            ],
                            [
                                -91.216836790869365,
                                17.777071023548174
                            ],
                            [
                                -91.216775098987981,
                                17.776942038474346
                            ],
                            [
                                -91.216767052657616,
                                17.776726214669484
                            ],
                            [
                                -91.216818015674534,
                                17.776608723170114
                            ],
                            [
                                -91.216907869744588,
                                17.776504002931553
                            ],
                            [
                                -91.216997723022814,
                                17.776470799997828
                            ],
                            [
                                -91.217107023373117,
                                17.776472075861307
                            ],
                            [
                                -91.21730215408094,
                                17.776501449171576
                            ],
                            [
                                -91.217601219545926,
                                17.776654698437383
                            ],
                            [
                                -91.217759469936027,
                                17.776823271424391
                            ],
                            [
                                -91.217786292126902,
                                17.77694587065476
                            ],
                            [
                                -91.218191305799891,
                                17.777169996078424
                            ],
                            [
                                -91.218423317604788,
                                17.777317815811731
                            ],
                            [
                                -91.218515853455031,
                                17.777353255241241
                            ],
                            [
                                -91.21862314223803,
                                17.777362193588075
                            ],
                            [
                                -91.218762616783806,
                                17.777318774610986
                            ],
                            [
                                -91.21887795179471,
                                17.777174465477405
                            ],
                            [
                                -91.219132761979296,
                                17.7768105000745
                            ],
                            [
                                -91.21923468458661,
                                17.776562748031001
                            ],
                            [
                                -91.222504295929085,
                                17.77647335277619
                            ],
                            [
                                -91.222539166230703,
                                17.778447697462202
                            ],
                            [
                                -91.2189128204284,
                                17.778488563693056
                            ],
                            [
                                -91.218485006753909,
                                17.781109067676962
                            ]
                        ]
                    ]
                ]
            }
        },
        {
            "type": "Feature",
            "properties": {
                "EDICION": "2025",
                "VERSION": "1",
                "TIPO_GEO": "l",
                "CVEGEO": "270010765",
                "CVE_ENT": "27",
                "CVE_MUN": "001",
                "CVE_LOC": "0765",
                "NOMGEO": "El Nuevo Bari",
                "AMBITO": "Rural"
            },
            "geometry": {
                "type": "MultiPolygon",
                "coordinates": [
                    [
                        [
                            [
                                -91.22313840360755,
                                17.67973897347073
                            ],
                            [
                                -91.222986159304028,
                                17.679949959981627
                            ],
                            [
                                -91.222912202606636,
                                17.680069805182921
                            ],
                            [
                                -91.222880705775893,
                                17.6801363388611
                            ],
                            [
                                -91.222811426528096,
                                17.680282680602861
                            ],
                            [
                                -91.2227259492727,
                                17.680419270861421
                            ],
                            [
                                -91.222630789199883,
                                17.680518569992966
                            ],
                            [
                                -91.22254856743676,
                                17.680571630382236
                            ],
                            [
                                -91.222326137105171,
                                17.680660416291662
                            ],
                            [
                                -91.222114272253208,
                                17.680788200959093
                            ],
                            [
                                -91.221980151960977,
                                17.680884090585621
                            ],
                            [
                                -91.22194751450219,
                                17.680923931485694
                            ],
                            [
                                -91.221895676474944,
                                17.681029555651513
                            ],
                            [
                                -91.221876154725337,
                                17.681252612517582
                            ],
                            [
                                -91.22186937948473,
                                17.681364356016662
                            ],
                            [
                                -91.221891672274026,
                                17.681464839283699
                            ],
                            [
                                -91.221917041148401,
                                17.681534706798878
                            ],
                            [
                                -91.221942128738789,
                                17.681661220012597
                            ],
                            [
                                -91.221980865994183,
                                17.681894237427034
                            ],
                            [
                                -91.222063844933047,
                                17.682175532288806
                            ],
                            [
                                -91.222176289815692,
                                17.682502120262701
                            ],
                            [
                                -91.221351912227831,
                                17.683023475829636
                            ],
                            [
                                -91.221298267225947,
                                17.682870146780825
                            ],
                            [
                                -91.221282174242788,
                                17.682642708661447
                            ],
                            [
                                -91.221341182380485,
                                17.681803231628688
                            ],
                            [
                                -91.221341183213625,
                                17.681311297241123
                            ],
                            [
                                -91.221396167169132,
                                17.680954804019567
                            ],
                            [
                                -91.221490716652454,
                                17.680702447385439
                            ],
                            [
                                -91.22151600568759,
                                17.680539037959488
                            ],
                            [
                                -91.22042369917088,
                                17.681298725932947
                            ],
                            [
                                -91.220351232378292,
                                17.681339059592435
                            ],
                            [
                                -91.220329713439895,
                                17.681342302811387
                            ],
                            [
                                -91.220315937913156,
                                17.681342507562835
                            ],
                            [
                                -91.220291810398678,
                                17.6813311727743
                            ],
                            [
                                -91.220265664255876,
                                17.681313698369724
                            ],
                            [
                                -91.219661136116969,
                                17.68048056528983
                            ],
                            [
                                -91.220561555615319,
                                17.679869197637171
                            ],
                            [
                                -91.222290886192241,
                                17.678698568915504
                            ],
                            [
                                -91.222950495023639,
                                17.679537471661021
                            ],
                            [
                                -91.222971896712849,
                                17.679560421179545
                            ],
                            [
                                -91.223316977722675,
                                17.679409994256591
                            ],
                            [
                                -91.22333999541479,
                                17.679514776525771
                            ],
                            [
                                -91.223346950090402,
                                17.679553648057198
                            ],
                            [
                                -91.22336749133585,
                                17.67961931549527
                            ],
                            [
                                -91.22313840360755,
                                17.67973897347073
                            ]
                        ]
                    ]
                ]
            }
        },
        {
            "type": "Feature",
            "properties": {
                "EDICION": "2025",
                "VERSION": "1",
                "TIPO_GEO": "l",
                "CVEGEO": "270010748",
                "CVE_ENT": "27",
                "CVE_MUN": "001",
                "CVE_LOC": "0748",
                "NOMGEO": "Tierra y Libertad",
                "AMBITO": "Rural"
            },
            "geometry": {
                "type": "MultiPolygon",
                "coordinates": [
                    [
                        [
                            [
                                -91.222980556282963,
                                17.772983005554689
                            ],
                            [
                                -91.223310468746845,
                                17.772037946872818
                            ],
                            [
                                -91.223791214076954,
                                17.772300134478904
                            ],
                            [
                                -91.224022460085905,
                                17.771634214180512
                            ],
                            [
                                -91.224498770050175,
                                17.771956284575694
                            ],
                            [
                                -91.224253214435748,
                                17.772603078877992
                            ],
                            [
                                -91.22400889084166,
                                17.773314232559112
                            ],
                            [
                                -91.223932563706015,
                                17.77352099442113
                            ],
                            [
                                -91.223614844463725,
                                17.774470908480911
                            ],
                            [
                                -91.223156206181713,
                                17.774184307408898
                            ],
                            [
                                -91.222674901130489,
                                17.773886715592734
                            ],
                            [
                                -91.222980556282963,
                                17.772983005554689
                            ]
                        ]
                    ]
                ]
            }
        },
        {
            "type": "Feature",
            "properties": {
                "EDICION": "2025",
                "VERSION": "1",
                "TIPO_GEO": "l",
                "CVEGEO": "270010472",
                "CVE_ENT": "27",
                "CVE_MUN": "001",
                "CVE_LOC": "0472",
                "NOMGEO": "Cibal de la Gloria",
                "AMBITO": "Rural"
            },
            "geometry": {
                "type": "MultiPolygon",
                "coordinates": [
                    [
                        [
                            [
                                -91.190661764283746,
                                17.568640362338794
                            ],
                            [
                                -91.189978113880713,
                                17.569006142560568
                            ],
                            [
                                -91.189671534145688,
                                17.568429262319434
                            ],
                            [
                                -91.190349334160814,
                                17.568072282890782
                            ],
                            [
                                -91.190661764283746,
                                17.568640362338794
                            ]
                        ]
                    ]
                ]
            }
        },
        {
            "type": "Feature",
            "properties": {
                "EDICION": "2025",
                "VERSION": "1",
                "TIPO_GEO": "l",
                "CVEGEO": "270010076",
                "CVE_ENT": "27",
                "CVE_MUN": "001",
                "CVE_LOC": "0076",
                "NOMGEO": "Vicente Guerrero",
                "AMBITO": "Rural"
            },
            "geometry": {
                "type": "MultiPolygon",
                "coordinates": [
                    [
                        [
                            [
                                -91.635053584271688,
                                17.762762174059226
                            ],
                            [
                                -91.635289733687159,
                                17.762689522668829
                            ],
                            [
                                -91.635499873422617,
                                17.763024813826917
                            ],
                            [
                                -91.63549010290761,
                                17.763029312942212
                            ],
                            [
                                -91.635118933662397,
                                17.763225552616721
                            ],
                            [
                                -91.634872103909458,
                                17.762846612813899
                            ],
                            [
                                -91.635053584271688,
                                17.762762174059226
                            ]
                        ]
                    ],
                    [
                        [
                            [
                                -91.637155067012088,
                                17.766531488621297
                            ],
                            [
                                -91.637552816279822,
                                17.767367800323331
                            ],
                            [
                                -91.636058273778929,
                                17.76819714594847
                            ],
                            [
                                -91.635289820021299,
                                17.768628527294723
                            ],
                            [
                                -91.633995110504586,
                                17.766608630765816
                            ],
                            [
                                -91.635061793255005,
                                17.766589381408771
                            ],
                            [
                                -91.635532794007403,
                                17.766577232513701
                            ],
                            [
                                -91.635991842638276,
                                17.766573412357761
                            ],
                            [
                                -91.637155067012088,
                                17.766531488621297
                            ]
                        ]
                    ]
                ]
            }
        },
        {
            "type": "Feature",
            "properties": {
                "EDICION": "2025",
                "VERSION": "1",
                "TIPO_GEO": "l",
                "CVEGEO": "270010762",
                "CVE_ENT": "27",
                "CVE_MUN": "001",
                "CVE_LOC": "0762",
                "NOMGEO": "Jerusalem - Belen",
                "AMBITO": "Rural"
            },
            "geometry": {
                "type": "MultiPolygon",
                "coordinates": [
                    [
                        [
                            [
                                -91.625774201461269,
                                17.787304076993557
                            ],
                            [
                                -91.624722776789483,
                                17.787630987103061
                            ],
                            [
                                -91.6239073848554,
                                17.785638866824574
                            ],
                            [
                                -91.623413859242476,
                                17.784366963109768
                            ],
                            [
                                -91.622979340518128,
                                17.783156347387937
                            ],
                            [
                                -91.624883708024043,
                                17.783687588689158
                            ],
                            [
                                -91.625505979977973,
                                17.785179142900109
                            ],
                            [
                                -91.626079973467213,
                                17.786645145772383
                            ],
                            [
                                -91.625591811680721,
                                17.786813710681088
                            ],
                            [
                                -91.625774201461269,
                                17.787304076993557
                            ]
                        ]
                    ]
                ]
            }
        },
        {
            "type": "Feature",
            "properties": {
                "EDICION": "2025",
                "VERSION": "1",
                "TIPO_GEO": "l",
                "CVEGEO": "270010016",
                "CVE_ENT": "27",
                "CVE_MUN": "001",
                "CVE_LOC": "0016",
                "NOMGEO": "Carlos A. Madrazo Becerra",
                "AMBITO": "Rural"
            },
            "geometry": {
                "type": "MultiPolygon",
                "coordinates": [
                    [
                        [
                            [
                                -91.209555979107364,
                                17.634436405872886
                            ],
                            [
                                -91.209572018411677,
                                17.634398725885319
                            ],
                            [
                                -91.209687988658104,
                                17.634136125796534
                            ],
                            [
                                -91.209700758970655,
                                17.634107215603773
                            ],
                            [
                                -91.209705138845621,
                                17.634097275393799
                            ],
                            [
                                -91.209709848919616,
                                17.634086645779284
                            ],
                            [
                                -91.209722188942848,
                                17.634058676057997
                            ],
                            [
                                -91.209755788446671,
                                17.633982615786543
                            ],
                            [
                                -91.209801738313629,
                                17.633878585643682
                            ],
                            [
                                -91.209847678962589,
                                17.633774575688612
                            ],
                            [
                                -91.209893618281114,
                                17.633670545707329
                            ],
                            [
                                -91.209939578348951,
                                17.633566515421876
                            ],
                            [
                                -91.209945079054947,
                                17.63355401613034
                            ],
                            [
                                -91.209952178297243,
                                17.63353795545525
                            ],
                            [
                                -91.209964779043247,
                                17.633509445394221
                            ],
                            [
                                -91.210011048089257,
                                17.633405715692014
                            ],
                            [
                                -91.21005737986188,
                                17.633301836458479
                            ],
                            [
                                -91.210103701405501,
                                17.633197978245732
                            ],
                            [
                                -91.210150039829728,
                                17.633094096791126
                            ],
                            [
                                -91.210196361304185,
                                17.632990237684268
                            ],
                            [
                                -91.210242699517636,
                                17.632886357137913
                            ],
                            [
                                -91.210289021792008,
                                17.632782498106053
                            ],
                            [
                                -91.210335342187491,
                                17.632678638040652
                            ],
                            [
                                -91.210381683010567,
                                17.632574757708628
                            ],
                            [
                                -91.210428010855892,
                                17.6324708972925
                            ],
                            [
                                -91.210455224608907,
                                17.632409869019874
                            ],
                            [
                                -91.21046917859735,
                                17.632378606433434
                            ],
                            [
                                -91.211542217810447,
                                17.632681146375646
                            ],
                            [
                                -91.211730128504627,
                                17.632730175848277
                            ],
                            [
                                -91.211794498154703,
                                17.632747815724361
                            ],
                            [
                                -91.212021048359475,
                                17.632809926361475
                            ],
                            [
                                -91.212133868186939,
                                17.632840846236725
                            ],
                            [
                                -91.212142418000141,
                                17.632843186039317
                            ],
                            [
                                -91.212152848535624,
                                17.632846046018564
                            ],
                            [
                                -91.212170268438356,
                                17.632850835770103
                            ],
                            [
                                -91.212211328600574,
                                17.632862075579968
                            ],
                            [
                                -91.212249388356966,
                                17.632872525782002
                            ],
                            [
                                -91.212291498323808,
                                17.63288546553877
                            ],
                            [
                                -91.212403338024359,
                                17.632921016330204
                            ],
                            [
                                -91.21251464686037,
                                17.632958018654271
                            ],
                            [
                                -91.212553407577332,
                                17.632970915715919
                            ],
                            [
                                -91.212587478292079,
                                17.632982235859821
                            ],
                            [
                                -91.212648757251173,
                                17.633002606612983
                            ],
                            [
                                -91.212760077870996,
                                17.633039616851807
                            ],
                            [
                                -91.212871386898982,
                                17.633076618917663
                            ],
                            [
                                -91.212982708224331,
                                17.633113633569149
                            ],
                            [
                                -91.213094017230489,
                                17.633150637276255
                            ],
                            [
                                -91.213205338089892,
                                17.633187647192756
                            ],
                            [
                                -91.213316666013256,
                                17.633224652096825
                            ],
                            [
                                -91.21342797817961,
                                17.633261665746996
                            ],
                            [
                                -91.213600557711473,
                                17.633345915546865
                            ],
                            [
                                -91.213626988093893,
                                17.63335881598686
                            ],
                            [
                                -91.213680927917068,
                                17.633389745692032
                            ],
                            [
                                -91.213781238060847,
                                17.633449035267994
                            ],
                            [
                                -91.213881528392818,
                                17.63350831337543
                            ],
                            [
                                -91.213981817356455,
                                17.633567585878428
                            ],
                            [
                                -91.214082126446428,
                                17.633626867924672
                            ],
                            [
                                -91.214182417977739,
                                17.633686145915735
                            ],
                            [
                                -91.214284677762691,
                                17.633746756024333
                            ],
                            [
                                -91.214382016787368,
                                17.633810446395522
                            ],
                            [
                                -91.214479337883731,
                                17.633874125438918
                            ],
                            [
                                -91.214499637757072,
                                17.633887675844139
                            ],
                            [
                                -91.214472863628131,
                                17.633944404478836
                            ],
                            [
                                -91.214424277601253,
                                17.63404732545963
                            ],
                            [
                                -91.214375698859769,
                                17.634150237004349
                            ],
                            [
                                -91.214367697892826,
                                17.634167206106238
                            ],
                            [
                                -91.214360739424535,
                                17.634181926736304
                            ],
                            [
                                -91.214337203984343,
                                17.634231804709739
                            ],
                            [
                                -91.214288617754391,
                                17.634334725695467
                            ],
                            [
                                -91.214240039820552,
                                17.634437636411811
                            ],
                            [
                                -91.214191465006991,
                                17.634540554611139
                            ],
                            [
                                -91.214142878488005,
                                17.634643476503328
                            ],
                            [
                                -91.214094297039878,
                                17.634746405113106
                            ],
                            [
                                -91.214045738050814,
                                17.634849275535778
                            ],
                            [
                                -91.213979446897042,
                                17.634942664541942
                            ],
                            [
                                -91.213931897966972,
                                17.635009645383107
                            ],
                            [
                                -91.213838647068499,
                                17.634974188048151
                            ],
                            [
                                -91.213788836431434,
                                17.634955248149257
                            ],
                            [
                                -91.213732836821364,
                                17.634933958735814
                            ],
                            [
                                -91.213679308563442,
                                17.634913612782562
                            ],
                            [
                                -91.213623309128877,
                                17.634892321527126
                            ],
                            [
                                -91.213569807361765,
                                17.634871975635065
                            ],
                            [
                                -91.213513806506299,
                                17.634850678797093
                            ],
                            [
                                -91.213460276858328,
                                17.634830327225266
                            ],
                            [
                                -91.213404276480944,
                                17.634809036724075
                            ],
                            [
                                -91.213350755678448,
                                17.634788681219629
                            ],
                            [
                                -91.213294755334957,
                                17.634767390678899
                            ],
                            [
                                -91.213241236534657,
                                17.634747046154718
                            ],
                            [
                                -91.213185238104856,
                                17.634725755710264
                            ],
                            [
                                -91.213131707543425,
                                17.634705404858384
                            ],
                            [
                                -91.213075709218401,
                                17.63468411347322
                            ],
                            [
                                -91.21302218656254,
                                17.634663758620736
                            ],
                            [
                                -91.21300144795309,
                                17.63465587520054
                            ],
                            [
                                -91.212987837896037,
                                17.634684065183468
                            ],
                            [
                                -91.212962268259446,
                                17.634736955459108
                            ],
                            [
                                -91.212939268361211,
                                17.634784545486962
                            ],
                            [
                                -91.212912728165037,
                                17.634839465570415
                            ],
                            [
                                -91.212889737541445,
                                17.634887045395597
                            ],
                            [
                                -91.212863207554406,
                                17.634941955344214
                            ],
                            [
                                -91.212840207587689,
                                17.634989545373084
                            ],
                            [
                                -91.212813668252195,
                                17.635044465525443
                            ],
                            [
                                -91.212790667929596,
                                17.635092035592596
                            ],
                            [
                                -91.212764127614705,
                                17.635146955677559
                            ],
                            [
                                -91.21274112757942,
                                17.635194545707311
                            ],
                            [
                                -91.212714587914093,
                                17.635249444997356
                            ],
                            [
                                -91.212691587844446,
                                17.635297035027609
                            ],
                            [
                                -91.212665048390335,
                                17.635351955181576
                            ],
                            [
                                -91.212642068094908,
                                17.635399545737179
                            ],
                            [
                                -91.212615528350454,
                                17.635454445028294
                            ],
                            [
                                -91.212592528212241,
                                17.635502035059442
                            ],
                            [
                                -91.212567957670558,
                                17.635552864990135
                            ],
                            [
                                -91.212554098432534,
                                17.63557889535862
                            ],
                            [
                                -91.212577617724477,
                                17.635586145048446
                            ],
                            [
                                -91.212620808188106,
                                17.635600405340028
                            ],
                            [
                                -91.212689007956598,
                                17.635622945581769
                            ],
                            [
                                -91.212732188265335,
                                17.635637215076116
                            ],
                            [
                                -91.212800388070264,
                                17.635659755268502
                            ],
                            [
                                -91.212843588049864,
                                17.635674015275331
                            ],
                            [
                                -91.212911787891315,
                                17.635696555418342
                            ],
                            [
                                -91.212954977806021,
                                17.635710835510256
                            ],
                            [
                                -91.213023177683979,
                                17.635733375603799
                            ],
                            [
                                -91.213066358062136,
                                17.635747645004255
                            ],
                            [
                                -91.21313455797663,
                                17.63577018504839
                            ],
                            [
                                -91.213177758025552,
                                17.635784444961395
                            ],
                            [
                                -91.21324595797654,
                                17.63580698495608
                            ],
                            [
                                -91.213289137551044,
                                17.635821265108387
                            ],
                            [
                                -91.21335733753854,
                                17.635843805053618
                            ],
                            [
                                -91.213400527384906,
                                17.635858075039298
                            ],
                            [
                                -91.21343201790809,
                                17.635868475358997
                            ],
                            [
                                -91.213422155657668,
                                17.635895065583075
                            ],
                            [
                                -91.213402306039782,
                                17.635948575049827
                            ],
                            [
                                -91.213387067456154,
                                17.63598964495301
                            ],
                            [
                                -91.213362820286775,
                                17.636055005810494
                            ],
                            [
                                -91.2133475864498,
                                17.636096075155237
                            ],
                            [
                                -91.213323336654852,
                                17.636161444894018
                            ],
                            [
                                -91.213308098184882,
                                17.63620252478475
                            ],
                            [
                                -91.213283850779604,
                                17.636267875671397
                            ],
                            [
                                -91.213268617056357,
                                17.636308955003663
                            ],
                            [
                                -91.21324437202739,
                                17.636374323289836
                            ],
                            [
                                -91.213229126718545,
                                17.636415405415246
                            ],
                            [
                                -91.21320488017804,
                                17.636480756379971
                            ],
                            [
                                -91.213189645538534,
                                17.636521834749637
                            ],
                            [
                                -91.213165390752295,
                                17.636587205971729
                            ],
                            [
                                -91.21315015773736,
                                17.636628275400493
                            ],
                            [
                                -91.213125909402876,
                                17.636693636220762
                            ],
                            [
                                -91.213110675656097,
                                17.63673471466474
                            ],
                            [
                                -91.213086421503036,
                                17.636800076885088
                            ],
                            [
                                -91.213071187732609,
                                17.636841155332256
                            ],
                            [
                                -91.213059308064729,
                                17.636874374547979
                            ],
                            [
                                -91.213047708272242,
                                17.636906774736261
                            ],
                            [
                                -91.21303960765168,
                                17.636938634720845
                            ],
                            [
                                -91.213034107515028,
                                17.636974954980655
                            ],
                            [
                                -91.212988207740139,
                                17.637079004668376
                            ],
                            [
                                -91.212941128115304,
                                17.637182574868969
                            ],
                            [
                                -91.212894051716006,
                                17.637286127184321
                            ],
                            [
                                -91.212846983653151,
                                17.637389692798596
                            ],
                            [
                                -91.212799908051906,
                                17.63749324518767
                            ],
                            [
                                -91.212762393362524,
                                17.637592288846079
                            ],
                            [
                                -91.21272224755441,
                                17.637698494467113
                            ],
                            [
                                -91.212639957997396,
                                17.637791845025539
                            ],
                            [
                                -91.212630910624739,
                                17.637813006417986
                            ],
                            [
                                -91.212606337672597,
                                17.637870525041805
                            ],
                            [
                                -91.212584297566664,
                                17.637924644904235
                            ],
                            [
                                -91.212563478049347,
                                17.637975754256395
                            ],
                            [
                                -91.212541437838922,
                                17.638029875023143
                            ],
                            [
                                -91.212520617671416,
                                17.638081004272582
                            ],
                            [
                                -91.212498587837004,
                                17.638135124888304
                            ],
                            [
                                -91.212477777655053,
                                17.638186234925417
                            ],
                            [
                                -91.212455727978082,
                                17.638240355019295
                            ],
                            [
                                -91.212434908365253,
                                17.638291464380224
                            ],
                            [
                                -91.212412868124403,
                                17.638345584255145
                            ],
                            [
                                -91.212392048408802,
                                17.638396694520196
                            ],
                            [
                                -91.212370008134286,
                                17.638450814398219
                            ],
                            [
                                -91.212349188386824,
                                17.638501924666208
                            ],
                            [
                                -91.21232715848835,
                                17.638556044393169
                            ],
                            [
                                -91.212305448381755,
                                17.638609354321339
                            ],
                            [
                                -91.21227406813783,
                                17.638595294751287
                            ],
                            [
                                -91.211777437867227,
                                17.63839040467364
                            ],
                            [
                                -91.211327818317443,
                                17.638156274369461
                            ],
                            [
                                -91.211305448387307,
                                17.638147324803679
                            ],
                            [
                                -91.211278878618245,
                                17.63812898496953
                            ],
                            [
                                -91.211217128009608,
                                17.638100974614087
                            ],
                            [
                                -91.209594156644172,
                                17.637203323147816
                            ],
                            [
                                -91.209484609170232,
                                17.637143435330444
                            ],
                            [
                                -91.209453275743996,
                                17.637125445113288
                            ],
                            [
                                -91.208591808653296,
                                17.636630015149478
                            ],
                            [
                                -91.208562819519159,
                                17.636609405449875
                            ],
                            [
                                -91.208618808509428,
                                17.636507925163105
                            ],
                            [
                                -91.208673898747861,
                                17.636408064762254
                            ],
                            [
                                -91.208711498723886,
                                17.636339914744362
                            ],
                            [
                                -91.208723678688315,
                                17.636315584961704
                            ],
                            [
                                -91.208734679041299,
                                17.63629363510282
                            ],
                            [
                                -91.208761645440816,
                                17.636234714081603
                            ],
                            [
                                -91.208808985214773,
                                17.636131262747558
                            ],
                            [
                                -91.20885632642424,
                                17.636027804274633
                            ],
                            [
                                -91.208903665044986,
                                17.635924353779316
                            ],
                            [
                                -91.208951003755061,
                                17.635820913267906
                            ],
                            [
                                -91.208998335512476,
                                17.635717464104907
                            ],
                            [
                                -91.209045678387696,
                                17.635614004877599
                            ],
                            [
                                -91.209093016652702,
                                17.635510555294488
                            ],
                            [
                                -91.209140355148733,
                                17.635407113892775
                            ],
                            [
                                -91.209158958674152,
                                17.635366445288749
                            ],
                            [
                                -91.209176299233647,
                                17.635328555707055
                            ],
                            [
                                -91.209221181606921,
                                17.63522312234716
                            ],
                            [
                                -91.209265693022175,
                                17.63511852318603
                            ],
                            [
                                -91.20931020350065,
                                17.635013923060622
                            ],
                            [
                                -91.20935471994261,
                                17.634909342408701
                            ],
                            [
                                -91.20939923216541,
                                17.634804742428859
                            ],
                            [
                                -91.209443737457917,
                                17.634700145583214
                            ],
                            [
                                -91.209488249474433,
                                17.634595546514355
                            ],
                            [
                                -91.209532773995946,
                                17.634490943827547
                            ],
                            [
                                -91.209555979107364,
                                17.634436405872886
                            ]
                        ]
                    ]
                ]
            }
        },
        {
            "type": "Feature",
            "properties": {
                "EDICION": "2025",
                "VERSION": "1",
                "TIPO_GEO": "l",
                "CVEGEO": "270010088",
                "CVE_ENT": "27",
                "CVE_MUN": "001",
                "CVE_LOC": "0088",
                "NOMGEO": "Otatal",
                "AMBITO": "Rural"
            },
            "geometry": {
                "type": "MultiPolygon",
                "coordinates": [
                    [
                        [
                            [
                                -91.206740790550072,
                                17.715481850334211
                            ],
                            [
                                -91.207077569788495,
                                17.716178984887122
                            ],
                            [
                                -91.205253033772095,
                                17.716952823858062
                            ],
                            [
                                -91.204897773413023,
                                17.716235374469797
                            ],
                            [
                                -91.206740790550072,
                                17.715481850334211
                            ]
                        ]
                    ]
                ]
            }
        },
        {
            "type": "Feature",
            "properties": {
                "EDICION": "2025",
                "VERSION": "1",
                "TIPO_GEO": "l",
                "CVEGEO": "270010064",
                "CVE_ENT": "27",
                "CVE_MUN": "001",
                "CVE_LOC": "0064",
                "NOMGEO": "San Juan",
                "AMBITO": "Rural"
            },
            "geometry": {
                "type": "MultiPolygon",
                "coordinates": [
                    [
                        [
                            [
                                -91.666613442535862,
                                17.819422659342504
                            ],
                            [
                                -91.667518171217296,
                                17.819837981954489
                            ],
                            [
                                -91.667576097828714,
                                17.819869987750636
                            ],
                            [
                                -91.668524807259814,
                                17.820300683753771
                            ],
                            [
                                -91.669487486973907,
                                17.82072686282519
                            ],
                            [
                                -91.669436293893824,
                                17.821684167808012
                            ],
                            [
                                -91.670337275164087,
                                17.822126068445098
                            ],
                            [
                                -91.670283392322119,
                                17.823088879859963
                            ],
                            [
                                -91.6702274517842,
                                17.824037342166065
                            ],
                            [
                                -91.670198332547315,
                                17.825108366009935
                            ],
                            [
                                -91.669335754104466,
                                17.824694498355367
                            ],
                            [
                                -91.668377004310273,
                                17.824235937617807
                            ],
                            [
                                -91.667454684006486,
                                17.823794827803564
                            ],
                            [
                                -91.666485754237854,
                                17.823332877232108
                            ],
                            [
                                -91.666272604095369,
                                17.823231268658009
                            ],
                            [
                                -91.66553166612016,
                                17.822871359070067
                            ],
                            [
                                -91.664603835549215,
                                17.822422628379197
                            ],
                            [
                                -91.664138295420571,
                                17.822197049047308
                            ],
                            [
                                -91.664173059270908,
                                17.821258164337511
                            ],
                            [
                                -91.664634418033174,
                                17.821465228837809
                            ],
                            [
                                -91.66467706726084,
                                17.82044206084537
                            ],
                            [
                                -91.6647379216855,
                                17.819483436573094
                            ],
                            [
                                -91.66476655370748,
                                17.818588136672822
                            ],
                            [
                                -91.665689953811295,
                                17.818996219887239
                            ],
                            [
                                -91.666613442535862,
                                17.819422659342504
                            ]
                        ]
                    ]
                ]
            }
        },
        {
            "type": "Feature",
            "properties": {
                "EDICION": "2025",
                "VERSION": "1",
                "TIPO_GEO": "l",
                "CVEGEO": "270010055",
                "CVE_ENT": "27",
                "CVE_MUN": "001",
                "CVE_LOC": "0055",
                "NOMGEO": "El Pipila",
                "AMBITO": "Rural"
            },
            "geometry": {
                "type": "MultiPolygon",
                "coordinates": [
                    [
                        [
                            [
                                -91.600712402103227,
                                17.960809302921209
                            ],
                            [
                                -91.600539303001625,
                                17.962355092867906
                            ],
                            [
                                -91.600437802336131,
                                17.963316921343647
                            ],
                            [
                                -91.600293423609529,
                                17.964635630809671
                            ],
                            [
                                -91.600414162353374,
                                17.964947392108769
                            ],
                            [
                                -91.600495621676956,
                                17.96544406126387
                            ],
                            [
                                -91.599734931464241,
                                17.964984548022816
                            ],
                            [
                                -91.599488332216225,
                                17.96483558161373
                            ],
                            [
                                -91.599137722949436,
                                17.964798300298295
                            ],
                            [
                                -91.598129781346998,
                                17.964871177777265
                            ],
                            [
                                -91.59785047168883,
                                17.964915356830009
                            ],
                            [
                                -91.59735223382701,
                                17.96495821163877
                            ],
                            [
                                -91.597163759531512,
                                17.964938200345586
                            ],
                            [
                                -91.597065250075616,
                                17.964908218502064
                            ],
                            [
                                -91.597041515639404,
                                17.964835585394169
                            ],
                            [
                                -91.597070763862419,
                                17.964627951796533
                            ],
                            [
                                -91.596766474285062,
                                17.964557962258059
                            ],
                            [
                                -91.596529193667109,
                                17.964504862491165
                            ],
                            [
                                -91.596385543216712,
                                17.964420241457766
                            ],
                            [
                                -91.596129003115252,
                                17.964172581926061
                            ],
                            [
                                -91.596081313574544,
                                17.96409052204994
                            ],
                            [
                                -91.596232657889914,
                                17.962906695793375
                            ],
                            [
                                -91.595721549715833,
                                17.962842450561009
                            ],
                            [
                                -91.595672602183342,
                                17.962765015757963
                            ],
                            [
                                -91.595616088083474,
                                17.962654966000496
                            ],
                            [
                                -91.595550654045113,
                                17.962589532207609
                            ],
                            [
                                -91.59550306498825,
                                17.962455686278439
                            ],
                            [
                                -91.595473321683713,
                                17.962330764221424
                            ],
                            [
                                -91.5954435781222,
                                17.962292099124177
                            ],
                            [
                                -91.595410860514505,
                                17.962208817642011
                            ],
                            [
                                -91.595372195055319,
                                17.962131485073446
                            ],
                            [
                                -91.595360296646362,
                                17.961994665594595
                            ],
                            [
                                -91.595240163073569,
                                17.96181488568196
                            ],
                            [
                                -91.59506075065849,
                                17.961678592343436
                            ],
                            [
                                -91.594972711901775,
                                17.961563901875802
                            ],
                            [
                                -91.595633248514417,
                                17.961471091845159
                            ],
                            [
                                -91.596369237816404,
                                17.961393840145988
                            ],
                            [
                                -91.596397791898369,
                                17.961390032759613
                            ],
                            [
                                -91.596401671051751,
                                17.960930320808384
                            ],
                            [
                                -91.596437362900616,
                                17.960776559645279
                            ],
                            [
                                -91.596504462314556,
                                17.960551986200251
                            ],
                            [
                                -91.596702696204986,
                                17.959505161354539
                            ],
                            [
                                -91.596761634307953,
                                17.959131124871686
                            ],
                            [
                                -91.596799374293042,
                                17.958795191409941
                            ],
                            [
                                -91.596891089642611,
                                17.95851834026395
                            ],
                            [
                                -91.598791839011568,
                                17.958660136700985
                            ],
                            [
                                -91.598820358715017,
                                17.959212816189389
                            ],
                            [
                                -91.598740633083338,
                                17.959571224771302
                            ],
                            [
                                -91.599252452778273,
                                17.95960849723069
                            ],
                            [
                                -91.598784474946939,
                                17.960047058329149
                            ],
                            [
                                -91.59850048464294,
                                17.960318697519039
                            ],
                            [
                                -91.598675403383368,
                                17.960483382557971
                            ],
                            [
                                -91.599172913587466,
                                17.960921292459748
                            ],
                            [
                                -91.59926830327754,
                                17.960985353017477
                            ],
                            [
                                -91.599632873181733,
                                17.960939243307294
                            ],
                            [
                                -91.600712402103227,
                                17.960809302921209
                            ]
                        ]
                    ]
                ]
            }
        },
        {
            "type": "Feature",
            "properties": {
                "EDICION": "2025",
                "VERSION": "1",
                "TIPO_GEO": "l",
                "CVEGEO": "270010077",
                "CVE_ENT": "27",
                "CVE_MUN": "001",
                "CVE_LOC": "0077",
                "NOMGEO": "Jahuactal",
                "AMBITO": "Rural"
            },
            "geometry": {
                "type": "MultiPolygon",
                "coordinates": [
                    [
                        [
                            [
                                -91.622401626987411,
                                17.73826117986156
                            ],
                            [
                                -91.622152016672501,
                                17.738033099417866
                            ],
                            [
                                -91.62202970709555,
                                17.737922378995545
                            ],
                            [
                                -91.621274417358833,
                                17.737114619198682
                            ],
                            [
                                -91.621622567557736,
                                17.736927779882983
                            ],
                            [
                                -91.622340077463548,
                                17.737567010405517
                            ],
                            [
                                -91.622735475086046,
                                17.737296730542315
                            ],
                            [
                                -91.623309107100297,
                                17.737998049703311
                            ],
                            [
                                -91.623702536799613,
                                17.738387559184677
                            ],
                            [
                                -91.624278826914576,
                                17.73896108980632
                            ],
                            [
                                -91.62396575604599,
                                17.739247528912568
                            ],
                            [
                                -91.623672096841844,
                                17.73948178914122
                            ],
                            [
                                -91.623387707317846,
                                17.739260888980201
                            ],
                            [
                                -91.623022956810686,
                                17.73888010020789
                            ],
                            [
                                -91.622401626987411,
                                17.73826117986156
                            ]
                        ]
                    ]
                ]
            }
        },
        {
            "type": "Feature",
            "properties": {
                "EDICION": "2025",
                "VERSION": "1",
                "TIPO_GEO": "l",
                "CVEGEO": "270010507",
                "CVE_ENT": "27",
                "CVE_MUN": "001",
                "CVE_LOC": "0507",
                "NOMGEO": "Ingeniero Mario Calcaneo Sanchez",
                "AMBITO": "Rural"
            },
            "geometry": {
                "type": "MultiPolygon",
                "coordinates": [
                    [
                        [
                            [
                                -91.606030900272927,
                                17.920779593480017
                            ],
                            [
                                -91.606042422148988,
                                17.919740392787386
                            ],
                            [
                                -91.605866770754716,
                                17.919692042830409
                            ],
                            [
                                -91.60568016145956,
                                17.919622733188771
                            ],
                            [
                                -91.605524630707819,
                                17.919548253007768
                            ],
                            [
                                -91.605375131921974,
                                17.919461942634602
                            ],
                            [
                                -91.605247631189783,
                                17.919355113840837
                            ],
                            [
                                -91.605136341122048,
                                17.919237173281211
                            ],
                            [
                                -91.605034020980725,
                                17.919068442191332
                            ],
                            [
                                -91.604972971610948,
                                17.918895203987955
                            ],
                            [
                                -91.60493539117364,
                                17.918720933616317
                            ],
                            [
                                -91.604963301412695,
                                17.917677573437526
                            ],
                            [
                                -91.604358630906432,
                                17.917693823296865
                            ],
                            [
                                -91.60412959131547,
                                17.917697793734082
                            ],
                            [
                                -91.604012271965928,
                                17.916666704012524
                            ],
                            [
                                -91.604633001027977,
                                17.916683484277041
                            ],
                            [
                                -91.604976541219841,
                                17.916677534348022
                            ],
                            [
                                -91.605134820553729,
                                17.916658043347848
                            ],
                            [
                                -91.606019680467668,
                                17.916648142948802
                            ],
                            [
                                -91.607091020054568,
                                17.916644843476853
                            ],
                            [
                                -91.608581020223326,
                                17.916653043543128
                            ],
                            [
                                -91.608989970510322,
                                17.916655734141621
                            ],
                            [
                                -91.609027570121626,
                                17.916089974038435
                            ],
                            [
                                -91.610087700913652,
                                17.915916364268277
                            ],
                            [
                                -91.610074929561407,
                                17.916649312817398
                            ],
                            [
                                -91.610059960268416,
                                17.917685222959729
                            ],
                            [
                                -91.610807939742784,
                                17.917713243603171
                            ],
                            [
                                -91.611197269389123,
                                17.917729704212153
                            ],
                            [
                                -91.611178549440211,
                                17.918663290955951
                            ],
                            [
                                -91.611176399581652,
                                17.918718513314872
                            ],
                            [
                                -91.611144114718471,
                                17.919702148787472
                            ],
                            [
                                -91.611119029620468,
                                17.92075393245505
                            ],
                            [
                                -91.610019969728711,
                                17.920748043112393
                            ],
                            [
                                -91.60897193129442,
                                17.920754772425564
                            ],
                            [
                                -91.608586141064606,
                                17.920750992108381
                            ],
                            [
                                -91.608570157909867,
                                17.921878688931194
                            ],
                            [
                                -91.606943678797919,
                                17.921842373426408
                            ],
                            [
                                -91.606036630712737,
                                17.92181447580715
                            ],
                            [
                                -91.606030900272927,
                                17.920779593480017
                            ]
                        ]
                    ]
                ]
            }
        },
        {
            "type": "Feature",
            "properties": {
                "EDICION": "2025",
                "VERSION": "1",
                "TIPO_GEO": "l",
                "CVEGEO": "270010473",
                "CVE_ENT": "27",
                "CVE_MUN": "001",
                "CVE_LOC": "0473",
                "NOMGEO": "Asuncion",
                "AMBITO": "Rural"
            },
            "geometry": {
                "type": "MultiPolygon",
                "coordinates": [
                    [
                        [
                            [
                                -91.159622961601286,
                                17.521377974416222
                            ],
                            [
                                -91.161528512018535,
                                17.521547802426401
                            ],
                            [
                                -91.160175976024163,
                                17.526394558262062
                            ],
                            [
                                -91.157977166437291,
                                17.52628900367317
                            ],
                            [
                                -91.159622961601286,
                                17.521377974416222
                            ]
                        ]
                    ]
                ]
            }
        },
        {
            "type": "Feature",
            "properties": {
                "EDICION": "2025",
                "VERSION": "1",
                "TIPO_GEO": "l",
                "CVEGEO": "270010014",
                "CVE_ENT": "27",
                "CVE_MUN": "001",
                "CVE_LOC": "0014",
                "NOMGEO": "Capitan Felipe Castellanos Diaz (San Pedro)",
                "AMBITO": "Rural"
            },
            "geometry": {
                "type": "MultiPolygon",
                "coordinates": [
                    [
                        [
                            [
                                -91.154446152858114,
                                17.776721439841673
                            ],
                            [
                                -91.154112574046223,
                                17.776364029065782
                            ],
                            [
                                -91.153692632679451,
                                17.775924720005289
                            ],
                            [
                                -91.153316713814334,
                                17.775525060053795
                            ],
                            [
                                -91.152876493189311,
                                17.775052028864454
                            ],
                            [
                                -91.152762092567883,
                                17.774931838567678
                            ],
                            [
                                -91.152546743669106,
                                17.774704540494827
                            ],
                            [
                                -91.152402803855736,
                                17.774561010164874
                            ],
                            [
                                -91.152320093846654,
                                17.774480880066282
                            ],
                            [
                                -91.152231463692246,
                                17.774390830322336
                            ],
                            [
                                -91.152146003218974,
                                17.774301549157666
                            ],
                            [
                                -91.152053033876967,
                                17.774208629609419
                            ],
                            [
                                -91.151965524216294,
                                17.774127840805836
                            ],
                            [
                                -91.151863172759164,
                                17.77403920058623
                            ],
                            [
                                -91.151754694340326,
                                17.773948280574512
                            ],
                            [
                                -91.151782154106073,
                                17.773924680651639
                            ],
                            [
                                -91.151810323404945,
                                17.773893689466597
                            ],
                            [
                                -91.152200793407587,
                                17.773492859596825
                            ],
                            [
                                -91.152670353382604,
                                17.773097780342471
                            ],
                            [
                                -91.153044253318853,
                                17.773506541194962
                            ],
                            [
                                -91.15268986408762,
                                17.773909581062846
                            ],
                            [
                                -91.152882913180761,
                                17.774151599391175
                            ],
                            [
                                -91.152909884024282,
                                17.774421829248105
                            ],
                            [
                                -91.153105653420695,
                                17.774599509381726
                            ],
                            [
                                -91.15331928293034,
                                17.774504640542638
                            ],
                            [
                                -91.153553453708696,
                                17.774385540198693
                            ],
                            [
                                -91.153986632843868,
                                17.774137840041039
                            ],
                            [
                                -91.154366022431986,
                                17.773807890283166
                            ],
                            [
                                -91.154808803454969,
                                17.773445710101623
                            ],
                            [
                                -91.155331695539999,
                                17.773232021697801
                            ],
                            [
                                -91.15556591898347,
                                17.772581038872858
                            ],
                            [
                                -91.155874433500756,
                                17.772319211190872
                            ],
                            [
                                -91.156237845336562,
                                17.772533645111551
                            ],
                            [
                                -91.156707472742383,
                                17.772526269335511
                            ],
                            [
                                -91.156999386926302,
                                17.772574049295251
                            ],
                            [
                                -91.157761423807457,
                                17.7725358028224
                            ],
                            [
                                -91.157881205701102,
                                17.77289468823794
                            ],
                            [
                                -91.156787284160998,
                                17.773185621652477
                            ],
                            [
                                -91.156708792129166,
                                17.773451339801699
                            ],
                            [
                                -91.156591971782134,
                                17.773967600229263
                            ],
                            [
                                -91.156502033634311,
                                17.774381259811545
                            ],
                            [
                                -91.156462232689918,
                                17.774572949200515
                            ],
                            [
                                -91.156365173407892,
                                17.774993970252599
                            ],
                            [
                                -91.156267573260536,
                                17.775313569190104
                            ],
                            [
                                -91.156633693249475,
                                17.775345939042083
                            ],
                            [
                                -91.157046711979888,
                                17.775375909615303
                            ],
                            [
                                -91.156931463334473,
                                17.775759238838187
                            ],
                            [
                                -91.156502122659205,
                                17.775735879771226
                            ],
                            [
                                -91.156130753527293,
                                17.775726778772228
                            ],
                            [
                                -91.156119753373204,
                                17.776144828734822
                            ],
                            [
                                -91.156735682908604,
                                17.776176320114189
                            ],
                            [
                                -91.156722203114299,
                                17.776572810221772
                            ],
                            [
                                -91.156105622518567,
                                17.776723459596631
                            ],
                            [
                                -91.156119062017254,
                                17.776168459492055
                            ],
                            [
                                -91.156083403083557,
                                17.776166779799031
                            ],
                            [
                                -91.156093653749906,
                                17.775765510067615
                            ],
                            [
                                -91.156034682672356,
                                17.775767340187144
                            ],
                            [
                                -91.156023622679911,
                                17.775717708827933
                            ],
                            [
                                -91.155743151966092,
                                17.775978778421308
                            ],
                            [
                                -91.155612892358533,
                                17.776087520218997
                            ],
                            [
                                -91.155570723249809,
                                17.776496460121777
                            ],
                            [
                                -91.155310793125381,
                                17.776478208411376
                            ],
                            [
                                -91.155162742521981,
                                17.776465629290481
                            ],
                            [
                                -91.154912543384313,
                                17.776713400307088
                            ],
                            [
                                -91.154927433038353,
                                17.776834519557777
                            ],
                            [
                                -91.154902972578043,
                                17.776899308634622
                            ],
                            [
                                -91.154806653049633,
                                17.777029079778433
                            ],
                            [
                                -91.154801403570318,
                                17.777025009065593
                            ],
                            [
                                -91.154446152858114,
                                17.776721439841673
                            ]
                        ]
                    ],
                    [
                        [
                            [
                                -91.146974375569442,
                                17.773434800692584
                            ],
                            [
                                -91.147073495076228,
                                17.773156839538576
                            ],
                            [
                                -91.147117834562394,
                                17.773000579871059
                            ],
                            [
                                -91.147130956083998,
                                17.772965120486514
                            ],
                            [
                                -91.14719294474105,
                                17.772939830419652
                            ],
                            [
                                -91.14638123606322,
                                17.77205529056118
                            ],
                            [
                                -91.146330406020724,
                                17.772095611005067
                            ],
                            [
                                -91.145589745733091,
                                17.772695979739968
                            ],
                            [
                                -91.145444494420644,
                                17.77255426004643
                            ],
                            [
                                -91.144908295307388,
                                17.77196142993251
                            ],
                            [
                                -91.144196725531614,
                                17.771182120939699
                            ],
                            [
                                -91.143525726028685,
                                17.770460721068137
                            ],
                            [
                                -91.144291514950794,
                                17.769773350918104
                            ],
                            [
                                -91.145087685388788,
                                17.76911149103535
                            ],
                            [
                                -91.145881065917891,
                                17.768450662023728
                            ],
                            [
                                -91.146654664695802,
                                17.767771000077254
                            ],
                            [
                                -91.145699607693615,
                                17.766672092005045
                            ],
                            [
                                -91.147015998750121,
                                17.766460930782138
                            ],
                            [
                                -91.146980048151249,
                                17.766237438596743
                            ],
                            [
                                -91.146976284898273,
                                17.766034381051821
                            ],
                            [
                                -91.147011671332393,
                                17.765868369509473
                            ],
                            [
                                -91.147103903200033,
                                17.765730472680094
                            ],
                            [
                                -91.147243074408166,
                                17.765647495223941
                            ],
                            [
                                -91.147366151749921,
                                17.765605383035318
                            ],
                            [
                                -91.147981843913158,
                                17.765531451150736
                            ],
                            [
                                -91.148129449371382,
                                17.76550031051211
                            ],
                            [
                                -91.148609546261966,
                                17.765420416008585
                            ],
                            [
                                -91.148809633060623,
                                17.765406010205613
                            ],
                            [
                                -91.149031590784034,
                                17.765448723580459
                            ],
                            [
                                -91.149214755496573,
                                17.76552818775323
                            ],
                            [
                                -91.149387950596335,
                                17.765644764759802
                            ],
                            [
                                -91.149550416583196,
                                17.765832860674664
                            ],
                            [
                                -91.149650044239365,
                                17.766117100271678
                            ],
                            [
                                -91.1496776383228,
                                17.766379061882173
                            ],
                            [
                                -91.149720131365569,
                                17.766839524792861
                            ],
                            [
                                -91.149777033186894,
                                17.767780915955548
                            ],
                            [
                                -91.149812531130138,
                                17.768788547190287
                            ],
                            [
                                -91.151029803447457,
                                17.76877218088044
                            ],
                            [
                                -91.151296622808943,
                                17.768842171701259
                            ],
                            [
                                -91.151477353288087,
                                17.768880351889315
                            ],
                            [
                                -91.151490113595912,
                                17.769111571208835
                            ],
                            [
                                -91.151496062758213,
                                17.769236912170516
                            ],
                            [
                                -91.151470653580859,
                                17.769458811188414
                            ],
                            [
                                -91.151392744148012,
                                17.769761841318221
                            ],
                            [
                                -91.151404953618908,
                                17.770024641257301
                            ],
                            [
                                -91.151513794618808,
                                17.770299860887214
                            ],
                            [
                                -91.151628624139661,
                                17.770373440996728
                            ],
                            [
                                -91.151855594361038,
                                17.77052077014984
                            ],
                            [
                                -91.151813113570526,
                                17.770707440094423
                            ],
                            [
                                -91.151784142878,
                                17.771070210326727
                            ],
                            [
                                -91.151782484631568,
                                17.771091150799439
                            ],
                            [
                                -91.151608493763703,
                                17.771625710628761
                            ],
                            [
                                -91.151566224411127,
                                17.771778000026288
                            ],
                            [
                                -91.151435824416993,
                                17.772025340126859
                            ],
                            [
                                -91.151338953730402,
                                17.772147579902999
                            ],
                            [
                                -91.151233023786162,
                                17.772328290528741
                            ],
                            [
                                -91.151134143707793,
                                17.772448750754094
                            ],
                            [
                                -91.151042404697236,
                                17.772959400433759
                            ],
                            [
                                -91.15099365394569,
                                17.773014980165112
                            ],
                            [
                                -91.150905553694756,
                                17.773056550188453
                            ],
                            [
                                -91.150985973923014,
                                17.773140510806744
                            ],
                            [
                                -91.151134843651903,
                                17.773303260216501
                            ],
                            [
                                -91.150790912998843,
                                17.77365251174384
                            ],
                            [
                                -91.150538481067713,
                                17.774715992262625
                            ],
                            [
                                -91.149492115351777,
                                17.775370799609906
                            ],
                            [
                                -91.147524555244289,
                                17.777413658794568
                            ],
                            [
                                -91.14744985546308,
                                17.777489569271406
                            ],
                            [
                                -91.147424595898457,
                                17.777474799761862
                            ],
                            [
                                -91.147313975337426,
                                17.777427139075215
                            ],
                            [
                                -91.147121754794668,
                                17.777343208596722
                            ],
                            [
                                -91.146871455064101,
                                17.777244949096691
                            ],
                            [
                                -91.146506925023587,
                                17.77709959968599
                            ],
                            [
                                -91.146309284697153,
                                17.777020340276607
                            ],
                            [
                                -91.146140324778514,
                                17.776938738269614
                            ],
                            [
                                -91.146478235683858,
                                17.776661079128843
                            ],
                            [
                                -91.146257196092108,
                                17.776534229976424
                            ],
                            [
                                -91.145991856163292,
                                17.776399779967356
                            ],
                            [
                                -91.145999455933762,
                                17.77632297921939
                            ],
                            [
                                -91.146392715276647,
                                17.77521543937371
                            ],
                            [
                                -91.146475636328788,
                                17.775127438833515
                            ],
                            [
                                -91.147265514574897,
                                17.774428918907358
                            ],
                            [
                                -91.147048015529208,
                                17.774170725880779
                            ],
                            [
                                -91.14684834487889,
                                17.773895230645447
                            ],
                            [
                                -91.146905854481076,
                                17.77368968094984
                            ],
                            [
                                -91.146974375569442,
                                17.773434800692584
                            ]
                        ]
                    ]
                ]
            }
        },
        {
            "type": "Feature",
            "properties": {
                "EDICION": "2025",
                "VERSION": "1",
                "TIPO_GEO": "l",
                "CVEGEO": "270010069",
                "CVE_ENT": "27",
                "CVE_MUN": "001",
                "CVE_LOC": "0069",
                "NOMGEO": "El Cibalito",
                "AMBITO": "Rural"
            },
            "geometry": {
                "type": "MultiPolygon",
                "coordinates": [
                    [
                        [
                            [
                                -91.182798609271231,
                                17.727241349514642
                            ],
                            [
                                -91.183235998782507,
                                17.726918294816006
                            ],
                            [
                                -91.183851547216705,
                                17.727489960112507
                            ],
                            [
                                -91.18343572023862,
                                17.727840430820503
                            ],
                            [
                                -91.184063624794973,
                                17.728438251038877
                            ],
                            [
                                -91.183742504506142,
                                17.728709210826867
                            ],
                            [
                                -91.183712336007943,
                                17.728734891108051
                            ],
                            [
                                -91.183358444512223,
                                17.72903604126812
                            ],
                            [
                                -91.183143364891606,
                                17.729219041071318
                            ],
                            [
                                -91.183098734575239,
                                17.729178611251523
                            ],
                            [
                                -91.182607995084851,
                                17.728707621544729
                            ],
                            [
                                -91.182549455962217,
                                17.728651561145938
                            ],
                            [
                                -91.181837305041185,
                                17.727974101555105
                            ],
                            [
                                -91.182068545406295,
                                17.72779552140064
                            ],
                            [
                                -91.182420995503719,
                                17.727528962853686
                            ],
                            [
                                -91.182798609271231,
                                17.727241349514642
                            ]
                        ]
                    ]
                ]
            }
        },
        {
            "type": "Feature",
            "properties": {
                "EDICION": "2025",
                "VERSION": "1",
                "TIPO_GEO": "l",
                "CVEGEO": "270010074",
                "CVE_ENT": "27",
                "CVE_MUN": "001",
                "CVE_LOC": "0074",
                "NOMGEO": "El Triunfo",
                "AMBITO": "Urbana"
            },
            "geometry": {
                "type": "MultiPolygon",
                "coordinates": [
                    [
                        [
                            [
                                -91.165988008559367,
                                17.932248800578812
                            ],
                            [
                                -91.165766475687363,
                                17.932060718223148
                            ],
                            [
                                -91.166133190248885,
                                17.93139024009923
                            ],
                            [
                                -91.166123830305395,
                                17.931381108180982
                            ],
                            [
                                -91.166017800937496,
                                17.931277660820768
                            ],
                            [
                                -91.165351079548444,
                                17.930627164591012
                            ],
                            [
                                -91.164921448752011,
                                17.930162580426327
                            ],
                            [
                                -91.164560451426837,
                                17.929772212711637
                            ],
                            [
                                -91.164062200678245,
                                17.929233420645229
                            ],
                            [
                                -91.163111954698266,
                                17.928401612040755
                            ],
                            [
                                -91.162614282152802,
                                17.927855592428408
                            ],
                            [
                                -91.162754509902854,
                                17.927689771398331
                            ],
                            [
                                -91.162791481460317,
                                17.927638940634608
                            ],
                            [
                                -91.162407230738708,
                                17.927398681310219
                            ],
                            [
                                -91.162081280906875,
                                17.927227530978616
                            ],
                            [
                                -91.161927820970234,
                                17.927152800940632
                            ],
                            [
                                -91.162106748680145,
                                17.926515289496031
                            ],
                            [
                                -91.161122793605202,
                                17.926180077363401
                            ],
                            [
                                -91.160850590835651,
                                17.926159101287659
                            ],
                            [
                                -91.160276451386224,
                                17.925977931023546
                            ],
                            [
                                -91.160507291838158,
                                17.925243052029629
                            ],
                            [
                                -91.160926775212459,
                                17.923606771768124
                            ],
                            [
                                -91.161158807213468,
                                17.922995782378706
                            ],
                            [
                                -91.161894216128943,
                                17.921059261440405
                            ],
                            [
                                -91.162106299364751,
                                17.920500782524961
                            ],
                            [
                                -91.162129703020142,
                                17.920439152693575
                            ],
                            [
                                -91.162146630211566,
                                17.919201859772294
                            ],
                            [
                                -91.162178631315911,
                                17.919151812246685
                            ],
                            [
                                -91.162233899349957,
                                17.919064351792962
                            ],
                            [
                                -91.162681411039443,
                                17.918485212793012
                            ],
                            [
                                -91.162847690042071,
                                17.918555252518146
                            ],
                            [
                                -91.164229309955616,
                                17.919076562889639
                            ],
                            [
                                -91.165234399471558,
                                17.919234303069373
                            ],
                            [
                                -91.165255968131817,
                                17.919305644204279
                            ],
                            [
                                -91.16581065901174,
                                17.91948490170622
                            ],
                            [
                                -91.166124077657997,
                                17.918556503940327
                            ],
                            [
                                -91.166449689608882,
                                17.917627512585334
                            ],
                            [
                                -91.166656965967249,
                                17.917692705621644
                            ],
                            [
                                -91.166669824736275,
                                17.917613560259394
                            ],
                            [
                                -91.166808784117748,
                                17.916911143343317
                            ],
                            [
                                -91.166867796078463,
                                17.916539948282733
                            ],
                            [
                                -91.167063029480431,
                                17.915500694054561
                            ],
                            [
                                -91.167386348527387,
                                17.914227943229498
                            ],
                            [
                                -91.167751049925769,
                                17.913494174294819
                            ],
                            [
                                -91.167882676913891,
                                17.913535394989349
                            ],
                            [
                                -91.168513196833061,
                                17.912428131554559
                            ],
                            [
                                -91.169685417926956,
                                17.912731805134818
                            ],
                            [
                                -91.17043411945815,
                                17.912922444197548
                            ],
                            [
                                -91.171403188583525,
                                17.913177543614889
                            ],
                            [
                                -91.172078968218642,
                                17.913353445061745
                            ],
                            [
                                -91.173052737777425,
                                17.91360776406578
                            ],
                            [
                                -91.173234999387333,
                                17.91309576013867
                            ],
                            [
                                -91.174293274512721,
                                17.913435703603362
                            ],
                            [
                                -91.174426187776461,
                                17.913043172382384
                            ],
                            [
                                -91.174431896628548,
                                17.913045194252661
                            ],
                            [
                                -91.17471770737194,
                                17.913146354028587
                            ],
                            [
                                -91.17475044625327,
                                17.913158542393646
                            ],
                            [
                                -91.175928695935866,
                                17.913578452147693
                            ],
                            [
                                -91.175932965844083,
                                17.913579973550952
                            ],
                            [
                                -91.175315649031816,
                                17.915089444782566
                            ],
                            [
                                -91.175346406215013,
                                17.915115947573877
                            ],
                            [
                                -91.175348592185756,
                                17.915117831351491
                            ],
                            [
                                -91.175564419325966,
                                17.915223670732576
                            ],
                            [
                                -91.176268931889354,
                                17.915528739930046
                            ],
                            [
                                -91.177086684574363,
                                17.916026056418321
                            ],
                            [
                                -91.177090537363142,
                                17.91602839902913
                            ],
                            [
                                -91.177062499728052,
                                17.916198545758867
                            ],
                            [
                                -91.176903779920977,
                                17.917660858717294
                            ],
                            [
                                -91.1767803661279,
                                17.919779771818714
                            ],
                            [
                                -91.176911626618789,
                                17.919785080497221
                            ],
                            [
                                -91.176933717677699,
                                17.919813221778451
                            ],
                            [
                                -91.177188187139947,
                                17.920986272017366
                            ],
                            [
                                -91.177117597346765,
                                17.920969902005563
                            ],
                            [
                                -91.177051456095739,
                                17.921197822430969
                            ],
                            [
                                -91.176799586581467,
                                17.922106851098441
                            ],
                            [
                                -91.176626946998724,
                                17.922711511344453
                            ],
                            [
                                -91.177242426037012,
                                17.922849170983142
                            ],
                            [
                                -91.177309106845641,
                                17.923796371599174
                            ],
                            [
                                -91.176967386604744,
                                17.924468696256
                            ],
                            [
                                -91.176797647463701,
                                17.924791021985293
                            ],
                            [
                                -91.175040477409652,
                                17.924569040907265
                            ],
                            [
                                -91.174285017999736,
                                17.924721483794016
                            ],
                            [
                                -91.17391114890296,
                                17.926026915541495
                            ],
                            [
                                -91.173910889972348,
                                17.9260278189698
                            ],
                            [
                                -91.17490591338975,
                                17.926462110422239
                            ],
                            [
                                -91.174910051354416,
                                17.92646391609588
                            ],
                            [
                                -91.174580694065313,
                                17.927306167255427
                            ],
                            [
                                -91.174579967493983,
                                17.927308026109081
                            ],
                            [
                                -91.174548029259341,
                                17.927389700032929
                            ],
                            [
                                -91.174151217842976,
                                17.927288998538717
                            ],
                            [
                                -91.174080611739882,
                                17.927629720258764
                            ],
                            [
                                -91.174161975103971,
                                17.927939301279441
                            ],
                            [
                                -91.17455585855835,
                                17.928603463077401
                            ],
                            [
                                -91.174966290426639,
                                17.929151846094666
                            ],
                            [
                                -91.17496986001612,
                                17.929156614730648
                            ],
                            [
                                -91.17417947809281,
                                17.92964309558884
                            ],
                            [
                                -91.173647656911413,
                                17.929911240305916
                            ],
                            [
                                -91.172470248803648,
                                17.930201999806943
                            ],
                            [
                                -91.172410046968281,
                                17.930207103003639
                            ],
                            [
                                -91.172406383946111,
                                17.930207413578632
                            ],
                            [
                                -91.172589147766473,
                                17.930265310145884
                            ],
                            [
                                -91.172709522425308,
                                17.930318481686705
                            ],
                            [
                                -91.172712347087383,
                                17.930319729888062
                            ],
                            [
                                -91.172761116989449,
                                17.93039119948876
                            ],
                            [
                                -91.172797278508611,
                                17.930486240697196
                            ],
                            [
                                -91.172896539119847,
                                17.93094228029944
                            ],
                            [
                                -91.173014716457288,
                                17.931485228677946
                            ],
                            [
                                -91.173047322702274,
                                17.931635029761861
                            ],
                            [
                                -91.172851552090634,
                                17.931504225557262
                            ],
                            [
                                -91.172843203881698,
                                17.931498648421304
                            ],
                            [
                                -91.172630866923313,
                                17.931356775240648
                            ],
                            [
                                -91.172625534897975,
                                17.931353211872832
                            ],
                            [
                                -91.172438429992809,
                                17.931228195871469
                            ],
                            [
                                -91.170885417957592,
                                17.930329299933469
                            ],
                            [
                                -91.169904426010262,
                                17.930025142679437
                            ],
                            [
                                -91.169088383869536,
                                17.929772119916791
                            ],
                            [
                                -91.16863958947738,
                                17.930971400201926
                            ],
                            [
                                -91.168116289767795,
                                17.932378360147911
                            ],
                            [
                                -91.167984589483027,
                                17.932362569368653
                            ],
                            [
                                -91.167193399407353,
                                17.934618767886757
                            ],
                            [
                                -91.167176679360736,
                                17.934614479122416
                            ],
                            [
                                -91.167153044825014,
                                17.934577252342287
                            ],
                            [
                                -91.167093434218472,
                                17.934483388433605
                            ],
                            [
                                -91.166340919507817,
                                17.933383199748292
                            ],
                            [
                                -91.166563048189659,
                                17.932737006592191
                            ],
                            [
                                -91.165988008559367,
                                17.932248800578812
                            ]
                        ]
                    ]
                ]
            }
        },
        {
            "type": "Feature",
            "properties": {
                "EDICION": "2025",
                "VERSION": "1",
                "TIPO_GEO": "l",
                "CVEGEO": "270010696",
                "CVE_ENT": "27",
                "CVE_MUN": "001",
                "CVE_LOC": "0696",
                "NOMGEO": "Pan Duro",
                "AMBITO": "Rural"
            },
            "geometry": {
                "type": "MultiPolygon",
                "coordinates": [
                    [
                        [
                            [
                                -91.130693627460204,
                                17.488032759144456
                            ],
                            [
                                -91.130796896589473,
                                17.488736790891956
                            ],
                            [
                                -91.13095123890767,
                                17.489723452523403
                            ],
                            [
                                -91.131157254979641,
                                17.490818725806555
                            ],
                            [
                                -91.131389719450368,
                                17.49191395770583
                            ],
                            [
                                -91.131461980658884,
                                17.492260181975652
                            ],
                            [
                                -91.131601350374936,
                                17.493011991766984
                            ],
                            [
                                -91.130781429820658,
                                17.49317202256211
                            ],
                            [
                                -91.130565659547287,
                                17.492050553097858
                            ],
                            [
                                -91.130351580409979,
                                17.490904512616051
                            ],
                            [
                                -91.130146269929014,
                                17.489805412580296
                            ],
                            [
                                -91.12998152929957,
                                17.488831424337409
                            ],
                            [
                                -91.129806870996205,
                                17.488046753888245
                            ],
                            [
                                -91.129991379577916,
                                17.488038024541559
                            ],
                            [
                                -91.130120359756347,
                                17.488032954338525
                            ],
                            [
                                -91.130233358982622,
                                17.488028963079227
                            ],
                            [
                                -91.130356549016909,
                                17.488021553374423
                            ],
                            [
                                -91.130443829327248,
                                17.488021992706027
                            ],
                            [
                                -91.130559840315456,
                                17.488028483501616
                            ],
                            [
                                -91.130593640557606,
                                17.488028963822241
                            ],
                            [
                                -91.130617289100186,
                                17.488029313330582
                            ],
                            [
                                -91.130693627460204,
                                17.488032759144456
                            ]
                        ]
                    ]
                ]
            }
        },
        {
            "type": "Feature",
            "properties": {
                "EDICION": "2025",
                "VERSION": "1",
                "TIPO_GEO": "l",
                "CVEGEO": "270010078",
                "CVE_ENT": "27",
                "CVE_MUN": "001",
                "CVE_LOC": "0078",
                "NOMGEO": "Constitucion",
                "AMBITO": "Rural"
            },
            "geometry": {
                "type": "MultiPolygon",
                "coordinates": [
                    [
                        [
                            [
                                -91.575302107677871,
                                18.153100120650763
                            ],
                            [
                                -91.576078873006026,
                                18.149472309959826
                            ],
                            [
                                -91.576831093824268,
                                18.149815815780475
                            ],
                            [
                                -91.576749147819669,
                                18.150317343953262
                            ],
                            [
                                -91.577488508148676,
                                18.150479594182265
                            ],
                            [
                                -91.577771934082563,
                                18.150541306693427
                            ],
                            [
                                -91.578012778042023,
                                18.150597084238107
                            ],
                            [
                                -91.578510777505642,
                                18.150704043601227
                            ],
                            [
                                -91.578840168024882,
                                18.150789223406786
                            ],
                            [
                                -91.578874337201128,
                                18.15080638338279
                            ],
                            [
                                -91.578899773466617,
                                18.150822772400829
                            ],
                            [
                                -91.57990408731429,
                                18.151079254243751
                            ],
                            [
                                -91.579763798357206,
                                18.151926014311428
                            ],
                            [
                                -91.579754518492393,
                                18.15200033338655
                            ],
                            [
                                -91.579752717504988,
                                18.15201362268877
                            ],
                            [
                                -91.579734337686858,
                                18.152114393559987
                            ],
                            [
                                -91.579592676683063,
                                18.15304259384839
                            ],
                            [
                                -91.579418457555519,
                                18.154010934100182
                            ],
                            [
                                -91.580243479727457,
                                18.154166131390735
                            ],
                            [
                                -91.580473052816401,
                                18.154198990734383
                            ],
                            [
                                -91.580348118557325,
                                18.15477685421466
                            ],
                            [
                                -91.579336277985078,
                                18.154567133584557
                            ],
                            [
                                -91.579123518706922,
                                18.155566962126656
                            ],
                            [
                                -91.578134057697326,
                                18.155333243648197
                            ],
                            [
                                -91.577161658313884,
                                18.155131732437169
                            ],
                            [
                                -91.576977200812962,
                                18.156091674896345
                            ],
                            [
                                -91.575140503040259,
                                18.155685529297937
                            ],
                            [
                                -91.575352733956265,
                                18.154781505643168
                            ],
                            [
                                -91.575322057336436,
                                18.154724536068137
                            ],
                            [
                                -91.57556689215761,
                                18.153169383557017
                            ],
                            [
                                -91.575302107677871,
                                18.153100120650763
                            ]
                        ]
                    ]
                ]
            }
        },
        {
            "type": "Feature",
            "properties": {
                "EDICION": "2025",
                "VERSION": "1",
                "TIPO_GEO": "l",
                "CVEGEO": "270010038",
                "CVE_ENT": "27",
                "CVE_MUN": "001",
                "CVE_LOC": "0038",
                "NOMGEO": "Ojo de Agua",
                "AMBITO": "Rural"
            },
            "geometry": {
                "type": "MultiPolygon",
                "coordinates": [
                    [
                        [
                            [
                                -91.124919439834585,
                                17.880425171766746
                            ],
                            [
                                -91.12492253159823,
                                17.880366202537694
                            ],
                            [
                                -91.124919931147616,
                                17.879532512186771
                            ],
                            [
                                -91.124912730063485,
                                17.878606142975283
                            ],
                            [
                                -91.124912320410616,
                                17.87855163231055
                            ],
                            [
                                -91.124911401427568,
                                17.878434653670585
                            ],
                            [
                                -91.124912980865318,
                                17.878141083784683
                            ],
                            [
                                -91.124916690396418,
                                17.877446513575805
                            ],
                            [
                                -91.124898901050102,
                                17.876359743307507
                            ],
                            [
                                -91.124895011396902,
                                17.876121952729871
                            ],
                            [
                                -91.126486700942763,
                                17.876112212554762
                            ],
                            [
                                -91.126554898881821,
                                17.875244758528968
                            ],
                            [
                                -91.128718964995826,
                                17.875250759872682
                            ],
                            [
                                -91.128727413539494,
                                17.876108875961453
                            ],
                            [
                                -91.130666979842772,
                                17.876113033195665
                            ],
                            [
                                -91.131058348903906,
                                17.876121003864807
                            ],
                            [
                                -91.131268829169144,
                                17.876130122945185
                            ],
                            [
                                -91.131415028087901,
                                17.876128214106437
                            ],
                            [
                                -91.132405728889111,
                                17.876182922888187
                            ],
                            [
                                -91.13240299931887,
                                17.876268584248361
                            ],
                            [
                                -91.132401958406987,
                                17.876355113692988
                            ],
                            [
                                -91.132381329066803,
                                17.878086973713661
                            ],
                            [
                                -91.132379831183925,
                                17.878548852122695
                            ],
                            [
                                -91.13237975814549,
                                17.878566063444811
                            ],
                            [
                                -91.132372798244219,
                                17.880400067182208
                            ],
                            [
                                -91.131758639395983,
                                17.88038961215268
                            ],
                            [
                                -91.131356888221191,
                                17.880395911796473
                            ],
                            [
                                -91.131076009543548,
                                17.880405293180115
                            ],
                            [
                                -91.130777238625384,
                                17.880407252859161
                            ],
                            [
                                -91.128649068954587,
                                17.880408811893414
                            ],
                            [
                                -91.126619599563625,
                                17.880375852248676
                            ],
                            [
                                -91.126542430760495,
                                17.880376611906382
                            ],
                            [
                                -91.12621109125071,
                                17.88037800163529
                            ],
                            [
                                -91.126004239997755,
                                17.880378653072633
                            ],
                            [
                                -91.12602492992292,
                                17.881372123315135
                            ],
                            [
                                -91.124934949989552,
                                17.881372282667652
                            ],
                            [
                                -91.124930399390266,
                                17.881009171744381
                            ],
                            [
                                -91.124926580236746,
                                17.880704751675633
                            ],
                            [
                                -91.124919439834585,
                                17.880425171766746
                            ]
                        ]
                    ]
                ]
            }
        },
        {
            "type": "Feature",
            "properties": {
                "EDICION": "2025",
                "VERSION": "1",
                "TIPO_GEO": "l",
                "CVEGEO": "270010351",
                "CVE_ENT": "27",
                "CVE_MUN": "001",
                "CVE_LOC": "0351",
                "NOMGEO": "Jose Narciso Rovirosa",
                "AMBITO": "Rural"
            },
            "geometry": {
                "type": "MultiPolygon",
                "coordinates": [
                    [
                        [
                            [
                                -91.558438014572786,
                                18.070811554397324
                            ],
                            [
                                -91.558436914294035,
                                18.070867323613442
                            ],
                            [
                                -91.558394574216862,
                                18.071050733691049
                            ],
                            [
                                -91.558399834376658,
                                18.071306923856241
                            ],
                            [
                                -91.558222634377472,
                                18.071280294400438
                            ],
                            [
                                -91.558041004472258,
                                18.071246673618706
                            ],
                            [
                                -91.557924984347281,
                                18.071208163746125
                            ],
                            [
                                -91.557865144553091,
                                18.071152643580575
                            ],
                            [
                                -91.557817004336897,
                                18.071079724134446
                            ],
                            [
                                -91.557758544370586,
                                18.071102833893292
                            ],
                            [
                                -91.557683744888834,
                                18.071162353605192
                            ],
                            [
                                -91.557222244642958,
                                18.071331354270789
                            ],
                            [
                                -91.556881344529174,
                                18.070368563839516
                            ],
                            [
                                -91.556537434438951,
                                18.069423164317254
                            ],
                            [
                                -91.557095634821906,
                                18.069206164544301
                            ],
                            [
                                -91.557725044510789,
                                18.068934004887637
                            ],
                            [
                                -91.558385644357998,
                                18.068681434274257
                            ],
                            [
                                -91.558758863854294,
                                18.069554104617445
                            ],
                            [
                                -91.55912137415099,
                                18.070551934397116
                            ],
                            [
                                -91.558438014572786,
                                18.070811554397324
                            ]
                        ]
                    ]
                ]
            }
        },
        {
            "type": "Feature",
            "properties": {
                "EDICION": "2025",
                "VERSION": "1",
                "TIPO_GEO": "l",
                "CVEGEO": "270010048",
                "CVE_ENT": "27",
                "CVE_MUN": "001",
                "CVE_LOC": "0048",
                "NOMGEO": "El Naranjito",
                "AMBITO": "Rural"
            },
            "geometry": {
                "type": "MultiPolygon",
                "coordinates": [
                    [
                        [
                            [
                                -91.15218018574177,
                                17.837317203446958
                            ],
                            [
                                -91.150749500188638,
                                17.837323965254114
                            ],
                            [
                                -91.149698491191813,
                                17.837326312230235
                            ],
                            [
                                -91.149132308274389,
                                17.837324948586161
                            ],
                            [
                                -91.147053153464796,
                                17.83732011910746
                            ],
                            [
                                -91.147029024161,
                                17.837319823059183
                            ],
                            [
                                -91.14705512176279,
                                17.83738355490194
                            ],
                            [
                                -91.147053700855622,
                                17.838083818891672
                            ],
                            [
                                -91.147053462437484,
                                17.838191609027042
                            ],
                            [
                                -91.147052440162796,
                                17.838231452605541
                            ],
                            [
                                -91.147031501330957,
                                17.838280945513041
                            ],
                            [
                                -91.146989860462938,
                                17.838309973574724
                            ],
                            [
                                -91.146892804679624,
                                17.838308695859496
                            ],
                            [
                                -91.146598958492618,
                                17.838310551943035
                            ],
                            [
                                -91.145994465853562,
                                17.838314369671867
                            ],
                            [
                                -91.145479999402795,
                                17.838317618552576
                            ],
                            [
                                -91.145072515754421,
                                17.83831761973833
                            ],
                            [
                                -91.144962466770821,
                                17.838311670799008
                            ],
                            [
                                -91.144894220770027,
                                17.838294786409456
                            ],
                            [
                                -91.144355228382182,
                                17.838282657697778
                            ],
                            [
                                -91.143769547401462,
                                17.838309566915367
                            ],
                            [
                                -91.143648614042078,
                                17.838354469073124
                            ],
                            [
                                -91.143634969229012,
                                17.837301464550926
                            ],
                            [
                                -91.144055983412542,
                                17.837294003955947
                            ],
                            [
                                -91.144372668379631,
                                17.837294373962592
                            ],
                            [
                                -91.144371499926137,
                                17.836297568674198
                            ],
                            [
                                -91.144364846188694,
                                17.835287907471521
                            ],
                            [
                                -91.144334234159217,
                                17.834269439545523
                            ],
                            [
                                -91.144969431087958,
                                17.834262827996884
                            ],
                            [
                                -91.144968479064147,
                                17.833294348865074
                            ],
                            [
                                -91.147074780398256,
                                17.833269601082968
                            ],
                            [
                                -91.147078018710715,
                                17.830110693882716
                            ],
                            [
                                -91.152173558934663,
                                17.830109578328507
                            ],
                            [
                                -91.152174514823216,
                                17.83326962290397
                            ],
                            [
                                -91.152169708873643,
                                17.835290229667375
                            ],
                            [
                                -91.15218018574177,
                                17.837317203446958
                            ]
                        ]
                    ]
                ]
            }
        },
        {
            "type": "Feature",
            "properties": {
                "EDICION": "2025",
                "VERSION": "1",
                "TIPO_GEO": "l",
                "CVEGEO": "270010091",
                "CVE_ENT": "27",
                "CVE_MUN": "001",
                "CVE_LOC": "0091",
                "NOMGEO": "Santa Cruz",
                "AMBITO": "Rural"
            },
            "geometry": {
                "type": "MultiPolygon",
                "coordinates": [
                    [
                        [
                            [
                                -91.600010502998572,
                                18.089223950465481
                            ],
                            [
                                -91.600420172919584,
                                18.088387469574453
                            ],
                            [
                                -91.600575067212176,
                                18.088040017557702
                            ],
                            [
                                -91.600649963010355,
                                18.087935289865531
                            ],
                            [
                                -91.600961392847665,
                                18.087210060216456
                            ],
                            [
                                -91.60132577272752,
                                18.086294210769765
                            ],
                            [
                                -91.601336912254936,
                                18.086266210518374
                            ],
                            [
                                -91.601649191942229,
                                18.085480240181425
                            ],
                            [
                                -91.601874831602117,
                                18.085194401272837
                            ],
                            [
                                -91.602444071338212,
                                18.085040440284981
                            ],
                            [
                                -91.603422542335707,
                                18.084810581409741
                            ],
                            [
                                -91.603632650804059,
                                18.084752380770801
                            ],
                            [
                                -91.603899281946923,
                                18.085838229749143
                            ],
                            [
                                -91.604124651223856,
                                18.086626130882998
                            ],
                            [
                                -91.604144740366607,
                                18.086700360572593
                            ],
                            [
                                -91.604285280909323,
                                18.087184810360291
                            ],
                            [
                                -91.60447137132293,
                                18.087844599927625
                            ],
                            [
                                -91.604579001097036,
                                18.088223082961473
                            ],
                            [
                                -91.604697850633798,
                                18.088632530264626
                            ],
                            [
                                -91.604018620371704,
                                18.088594530071386
                            ],
                            [
                                -91.603361602573742,
                                18.088560690038953
                            ],
                            [
                                -91.603417342132644,
                                18.089057859913286
                            ],
                            [
                                -91.601791482066915,
                                18.089141729162737
                            ],
                            [
                                -91.600918032854068,
                                18.089186779166507
                            ],
                            [
                                -91.600043221939842,
                                18.08922337982191
                            ],
                            [
                                -91.600010502998572,
                                18.089223950465481
                            ]
                        ]
                    ]
                ]
            }
        },
        {
            "type": "Feature",
            "properties": {
                "EDICION": "2025",
                "VERSION": "1",
                "TIPO_GEO": "l",
                "CVEGEO": "270010054",
                "CVE_ENT": "27",
                "CVE_MUN": "001",
                "CVE_LOC": "0054",
                "NOMGEO": "Paraiso (El Tinto)",
                "AMBITO": "Rural"
            },
            "geometry": {
                "type": "MultiPolygon",
                "coordinates": [
                    [
                        [
                            [
                                -91.143516055873334,
                                17.582570928599068
                            ],
                            [
                                -91.144249346148769,
                                17.582336889931401
                            ],
                            [
                                -91.144426556147991,
                                17.582681288987857
                            ],
                            [
                                -91.144527925580718,
                                17.582870428870805
                            ],
                            [
                                -91.144649055473209,
                                17.583093908999484
                            ],
                            [
                                -91.144660525099027,
                                17.583115079916414
                            ],
                            [
                                -91.144930805820422,
                                17.583607339760182
                            ],
                            [
                                -91.144975925810215,
                                17.58371287949576
                            ],
                            [
                                -91.144986635741972,
                                17.583725088325149
                            ],
                            [
                                -91.145027255627426,
                                17.583771429444969
                            ],
                            [
                                -91.145510574663831,
                                17.584762729326627
                            ],
                            [
                                -91.145923235321376,
                                17.585609059586215
                            ],
                            [
                                -91.145940054937967,
                                17.585635567787925
                            ],
                            [
                                -91.145957006022613,
                                17.585662277679205
                            ],
                            [
                                -91.146391465723624,
                                17.58653810787505
                            ],
                            [
                                -91.145893755527254,
                                17.586717738631076
                            ],
                            [
                                -91.145788266508021,
                                17.586778427260612
                            ],
                            [
                                -91.145687495400551,
                                17.586836928622933
                            ],
                            [
                                -91.145585755700267,
                                17.586880908031436
                            ],
                            [
                                -91.145372895707624,
                                17.586969788543421
                            ],
                            [
                                -91.145331145828365,
                                17.58698973892513
                            ],
                            [
                                -91.145283885950931,
                                17.587012308272797
                            ],
                            [
                                -91.144846866320179,
                                17.587243597584688
                            ],
                            [
                                -91.143737746225625,
                                17.587830597961101
                            ],
                            [
                                -91.143472656776254,
                                17.587970887426177
                            ],
                            [
                                -91.142105197179276,
                                17.58871999869071
                            ],
                            [
                                -91.142064636157514,
                                17.588723087359998
                            ],
                            [
                                -91.141942797419134,
                                17.588507528589023
                            ],
                            [
                                -91.141592637671422,
                                17.58791787749983
                            ],
                            [
                                -91.141507557099999,
                                17.587768138630739
                            ],
                            [
                                -91.141766596839943,
                                17.587640277970504
                            ],
                            [
                                -91.141172885813347,
                                17.586822479109603
                            ],
                            [
                                -91.14105455745586,
                                17.586659489378018
                            ],
                            [
                                -91.14055275647425,
                                17.58598338736476
                            ],
                            [
                                -91.14024620795621,
                                17.585570338124676
                            ],
                            [
                                -91.140102407390856,
                                17.585341818604842
                            ],
                            [
                                -91.140110120890796,
                                17.585320075535435
                            ],
                            [
                                -91.140227127390062,
                                17.58513839850033
                            ],
                            [
                                -91.140246026447315,
                                17.585100628028101
                            ],
                            [
                                -91.141152556179478,
                                17.583646988215381
                            ],
                            [
                                -91.141326087303923,
                                17.583351138872374
                            ],
                            [
                                -91.14136291624051,
                                17.583298590233014
                            ],
                            [
                                -91.141403826304796,
                                17.583279288724572
                            ],
                            [
                                -91.142179427621656,
                                17.583010198280046
                            ],
                            [
                                -91.143003457103831,
                                17.582739388844399
                            ],
                            [
                                -91.143516055873334,
                                17.582570928599068
                            ]
                        ]
                    ]
                ]
            }
        },
        {
            "type": "Feature",
            "properties": {
                "EDICION": "2025",
                "VERSION": "1",
                "TIPO_GEO": "l",
                "CVEGEO": "270010213",
                "CVE_ENT": "27",
                "CVE_MUN": "001",
                "CVE_LOC": "0213",
                "NOMGEO": "Miguel Hidalgo y Costilla",
                "AMBITO": "Rural"
            },
            "geometry": {
                "type": "MultiPolygon",
                "coordinates": [
                    [
                        [
                            [
                                -91.579704271074945,
                                18.044097287478312
                            ],
                            [
                                -91.580148670235232,
                                18.043986977490061
                            ],
                            [
                                -91.580487398402482,
                                18.044974251164028
                            ],
                            [
                                -91.580904206710997,
                                18.045898794315562
                            ],
                            [
                                -91.581310861732064,
                                18.046839579160359
                            ],
                            [
                                -91.58035747737064,
                                18.047263170428483
                            ],
                            [
                                -91.580787079552152,
                                18.048302107728727
                            ],
                            [
                                -91.581398189416447,
                                18.049565750872599
                            ],
                            [
                                -91.580357057382031,
                                18.050043923334201
                            ],
                            [
                                -91.579254451327429,
                                18.050498504629182
                            ],
                            [
                                -91.578671107995092,
                                18.049160729340283
                            ],
                            [
                                -91.578273308630514,
                                18.048244389903914
                            ],
                            [
                                -91.577848419254067,
                                18.04731620603577
                            ],
                            [
                                -91.577712938550121,
                                18.046999879857339
                            ],
                            [
                                -91.577000737890828,
                                18.045315681620174
                            ],
                            [
                                -91.57658984255211,
                                18.04433413099601
                            ],
                            [
                                -91.577661768597295,
                                18.043969161622204
                            ],
                            [
                                -91.57868004985211,
                                18.043573588630252
                            ],
                            [
                                -91.579214575800691,
                                18.043333306041848
                            ],
                            [
                                -91.579673999963234,
                                18.043939723763803
                            ],
                            [
                                -91.579704271074945,
                                18.044097287478312
                            ]
                        ]
                    ]
                ]
            }
        },
        {
            "type": "Feature",
            "properties": {
                "EDICION": "2025",
                "VERSION": "1",
                "TIPO_GEO": "l",
                "CVEGEO": "270010610",
                "CVE_ENT": "27",
                "CVE_MUN": "001",
                "CVE_LOC": "0610",
                "NOMGEO": "Aguacatal Dos",
                "AMBITO": "Rural"
            },
            "geometry": {
                "type": "MultiPolygon",
                "coordinates": [
                    [
                        [
                            [
                                -91.552015358982175,
                                18.118557793186589
                            ],
                            [
                                -91.551960631474131,
                                18.118679144962638
                            ],
                            [
                                -91.551919230338157,
                                18.118743390055997
                            ],
                            [
                                -91.551876408478904,
                                18.11879172959442
                            ],
                            [
                                -91.551824297793488,
                                18.118860973144351
                            ],
                            [
                                -91.551773616298533,
                                18.118928787469823
                            ],
                            [
                                -91.551706395811706,
                                18.119085831690231
                            ],
                            [
                                -91.551640722633039,
                                18.119273572010638
                            ],
                            [
                                -91.551528546216844,
                                18.119544234422126
                            ],
                            [
                                -91.551242218230968,
                                18.120437642211083
                            ],
                            [
                                -91.550148505407265,
                                18.12048171868609
                            ],
                            [
                                -91.550087604538589,
                                18.120512655934565
                            ],
                            [
                                -91.549096037899645,
                                18.120543130521206
                            ],
                            [
                                -91.549450114398795,
                                18.119566692845439
                            ],
                            [
                                -91.549807186322496,
                                18.11864002826324
                            ],
                            [
                                -91.550778717934222,
                                18.118600387330048
                            ],
                            [
                                -91.550865122075649,
                                18.118627024742558
                            ],
                            [
                                -91.551026464765215,
                                18.118593045512633
                            ],
                            [
                                -91.55133222603861,
                                18.118557353765816
                            ],
                            [
                                -91.551523773181032,
                                18.118543076592324
                            ],
                            [
                                -91.551785513675028,
                                18.118544265959354
                            ],
                            [
                                -91.552015358982175,
                                18.118557793186589
                            ]
                        ]
                    ]
                ]
            }
        },
        {
            "type": "Feature",
            "properties": {
                "EDICION": "2025",
                "VERSION": "1",
                "TIPO_GEO": "l",
                "CVEGEO": "270010001",
                "CVE_ENT": "27",
                "CVE_MUN": "001",
                "CVE_LOC": "0001",
                "NOMGEO": "Balancan",
                "AMBITO": "Urbana"
            },
            "geometry": {
                "type": "MultiPolygon",
                "coordinates": [
                    [
                        [
                            [
                                -91.545706208879778,
                                17.784883248974097
                            ],
                            [
                                -91.545725361747714,
                                17.78473563786153
                            ],
                            [
                                -91.547525124132079,
                                17.786612838453188
                            ],
                            [
                                -91.547384831670087,
                                17.786717937788111
                            ],
                            [
                                -91.546594397219835,
                                17.787310080809835
                            ],
                            [
                                -91.545382040395623,
                                17.787381591227472
                            ],
                            [
                                -91.545393225120023,
                                17.787295391585005
                            ],
                            [
                                -91.545666609328393,
                                17.785188443439889
                            ],
                            [
                                -91.545706208879778,
                                17.784883248974097
                            ]
                        ]
                    ],
                    [
                        [
                            [
                                -91.531078796911203,
                                17.823892621325417
                            ],
                            [
                                -91.531063000507885,
                                17.822447329382307
                            ],
                            [
                                -91.528750269110162,
                                17.822463619122903
                            ],
                            [
                                -91.528737864818268,
                                17.822601992545202
                            ],
                            [
                                -91.526419598288811,
                                17.824085802438681
                            ],
                            [
                                -91.525313692130453,
                                17.822260307999798
                            ],
                            [
                                -91.525169613651698,
                                17.812746729609511
                            ],
                            [
                                -91.526204961917969,
                                17.813278900865576
                            ],
                            [
                                -91.527219425134405,
                                17.813838099645999
                            ],
                            [
                                -91.528406952171267,
                                17.814492679809476
                            ],
                            [
                                -91.529073122756216,
                                17.814628599742392
                            ],
                            [
                                -91.529390896646191,
                                17.814697299246738
                            ],
                            [
                                -91.529455801158747,
                                17.814674253445581
                            ],
                            [
                                -91.529459302674596,
                                17.814508100540646
                            ],
                            [
                                -91.529546581821904,
                                17.814099799911858
                            ],
                            [
                                -91.529765381431872,
                                17.813467921826192
                            ],
                            [
                                -91.529917280905579,
                                17.813146249378818
                            ],
                            [
                                -91.530081120254522,
                                17.81279928830639
                            ],
                            [
                                -91.53033212250719,
                                17.812349571062317
                            ],
                            [
                                -91.530560091520556,
                                17.811964221052577
                            ],
                            [
                                -91.530687401226317,
                                17.81177322996307
                            ],
                            [
                                -91.530813152661494,
                                17.811571236260118
                            ],
                            [
                                -91.530899925303771,
                                17.811431854687619
                            ],
                            [
                                -91.530947361532057,
                                17.811397430198614
                            ],
                            [
                                -91.530979164657168,
                                17.811372780527726
                            ],
                            [
                                -91.530997070713454,
                                17.811358890202548
                            ],
                            [
                                -91.531534721842874,
                                17.810715481184282
                            ],
                            [
                                -91.531819990080223,
                                17.81038285169576
                            ],
                            [
                                -91.531813300465274,
                                17.809883541681444
                            ],
                            [
                                -91.531778421161462,
                                17.809637000627962
                            ],
                            [
                                -91.531753990810429,
                                17.809423530880547
                            ],
                            [
                                -91.531760641134838,
                                17.809288138367116
                            ],
                            [
                                -91.531849245482618,
                                17.809182471806619
                            ],
                            [
                                -91.531951250322194,
                                17.809088512096917
                            ],
                            [
                                -91.532070640499384,
                                17.809015765682378
                            ],
                            [
                                -91.532198640986621,
                                17.808958001728236
                            ],
                            [
                                -91.532318761785262,
                                17.808886341454098
                            ],
                            [
                                -91.532440361075373,
                                17.808817041640619
                            ],
                            [
                                -91.532552650533248,
                                17.808734581096768
                            ],
                            [
                                -91.532660821480576,
                                17.808647202044593
                            ],
                            [
                                -91.532777450623726,
                                17.808570451204229
                            ],
                            [
                                -91.532896270949507,
                                17.808496852190988
                            ],
                            [
                                -91.533022010343913,
                                17.808434681795799
                            ],
                            [
                                -91.533121161659906,
                                17.80833797098618
                            ],
                            [
                                -91.533302700449397,
                                17.808130012793807
                            ],
                            [
                                -91.533487891409948,
                                17.807925027700257
                            ],
                            [
                                -91.533671221343241,
                                17.807718531679953
                            ],
                            [
                                -91.533762421311479,
                                17.807614901637724
                            ],
                            [
                                -91.533860566692411,
                                17.807517271690578
                            ],
                            [
                                -91.533905266113891,
                                17.807465005176649
                            ],
                            [
                                -91.533908906677055,
                                17.8074607479622
                            ],
                            [
                                -91.533950240268041,
                                17.807412411642868
                            ],
                            [
                                -91.534043011303922,
                                17.807310061714666
                            ],
                            [
                                -91.534128816195945,
                                17.807202302087024
                            ],
                            [
                                -91.534276489604409,
                                17.806971031746617
                            ],
                            [
                                -91.534350451171605,
                                17.806855481449698
                            ],
                            [
                                -91.534426251406785,
                                17.806741031578607
                            ],
                            [
                                -91.534501360636895,
                                17.806626161680658
                            ],
                            [
                                -91.534552131052905,
                                17.806499653141191
                            ],
                            [
                                -91.534624820071215,
                                17.8063833629136
                            ],
                            [
                                -91.534669121038505,
                                17.806254632057971
                            ],
                            [
                                -91.534730720745387,
                                17.806132601791106
                            ],
                            [
                                -91.534785320621779,
                                17.806007563358875
                            ],
                            [
                                -91.534833559968831,
                                17.805880141641605
                            ],
                            [
                                -91.53487217989472,
                                17.805749742259444
                            ],
                            [
                                -91.534913071125899,
                                17.805619982341277
                            ],
                            [
                                -91.534949789729566,
                                17.805489101806018
                            ],
                            [
                                -91.534964990492909,
                                17.805354332521734
                            ],
                            [
                                -91.534981330833688,
                                17.805270919897982
                            ],
                            [
                                -91.534993100070238,
                                17.805085191908439
                            ],
                            [
                                -91.534997789707035,
                                17.804949732029243
                            ],
                            [
                                -91.535013350106681,
                                17.804543373617705
                            ],
                            [
                                -91.534992351063664,
                                17.80440933286441
                            ],
                            [
                                -91.534962531099922,
                                17.804276832647776
                            ],
                            [
                                -91.534938929732235,
                                17.804143192541996
                            ],
                            [
                                -91.534901531048845,
                                17.804012472131394
                            ],
                            [
                                -91.534875519517357,
                                17.803879244310199
                            ],
                            [
                                -91.534814150539944,
                                17.803757113306155
                            ],
                            [
                                -91.534760850488681,
                                17.80363154277493
                            ],
                            [
                                -91.53471889960926,
                                17.803502102555651
                            ],
                            [
                                -91.534647160768344,
                                17.80338527304216
                            ],
                            [
                                -91.534584250832893,
                                17.803263873444479
                            ],
                            [
                                -91.534504819723622,
                                17.803151702609991
                            ],
                            [
                                -91.534428965661149,
                                17.803037272374617
                            ],
                            [
                                -91.534273581285106,
                                17.802810713189558
                            ],
                            [
                                -91.53411996004202,
                                17.802583052796379
                            ],
                            [
                                -91.533961880047187,
                                17.802358203544216
                            ],
                            [
                                -91.533790469789935,
                                17.802142833498891
                            ],
                            [
                                -91.533610935831092,
                                17.801934233587971
                            ],
                            [
                                -91.533531100058227,
                                17.801822326798369
                            ],
                            [
                                -91.53346775026553,
                                17.801701133592456
                            ],
                            [
                                -91.5333828899374,
                                17.801592679069572
                            ],
                            [
                                -91.533335491640429,
                                17.801464963747577
                            ],
                            [
                                -91.533266520388324,
                                17.801346614507377
                            ],
                            [
                                -91.533186321706225,
                                17.801234933255511
                            ],
                            [
                                -91.533118591766268,
                                17.801115943968203
                            ],
                            [
                                -91.533051700614621,
                                17.800996504007724
                            ],
                            [
                                -91.532989330459955,
                                17.800874833655108
                            ],
                            [
                                -91.532921471403512,
                                17.800755904167371
                            ],
                            [
                                -91.532853251387223,
                                17.80063714335428
                            ],
                            [
                                -91.532694561536516,
                                17.800412703656807
                            ],
                            [
                                -91.532533531911284,
                                17.800189793130684
                            ],
                            [
                                -91.532371611420444,
                                17.799967453657327
                            ],
                            [
                                -91.532210201500888,
                                17.799744803564995
                            ],
                            [
                                -91.532049210860251,
                                17.799521873624101
                            ],
                            [
                                -91.531969564953855,
                                17.799409844492327
                            ],
                            [
                                -91.531919915029221,
                                17.799351757504866
                            ],
                            [
                                -91.531879924071859,
                                17.799304973794861
                            ],
                            [
                                -91.531822100587348,
                                17.799181254092399
                            ],
                            [
                                -91.531754641637576,
                                17.799062114816739
                            ],
                            [
                                -91.531690070521933,
                                17.798941513641932
                            ],
                            [
                                -91.531620160318383,
                                17.798823674640548
                            ],
                            [
                                -91.531557121918425,
                                17.798702334215452
                            ],
                            [
                                -91.531487351420665,
                                17.798584403449237
                            ],
                            [
                                -91.531431641417413,
                                17.798459803871726
                            ],
                            [
                                -91.531355550499271,
                                17.798345543616183
                            ],
                            [
                                -91.531288610673798,
                                17.798226134231808
                            ],
                            [
                                -91.531220151914823,
                                17.79810751124247
                            ],
                            [
                                -91.531147721951385,
                                17.797991084543259
                            ],
                            [
                                -91.531102967548577,
                                17.797862504607526
                            ],
                            [
                                -91.531047730519447,
                                17.797737704266062
                            ],
                            [
                                -91.530944670530886,
                                17.797485234798316
                            ],
                            [
                                -91.53084287194406,
                                17.797232309856373
                            ],
                            [
                                -91.530747721637653,
                                17.796977004542249
                            ],
                            [
                                -91.530652251839712,
                                17.796721823703727
                            ],
                            [
                                -91.530559092195773,
                                17.79646583486813
                            ],
                            [
                                -91.530512122213153,
                                17.796337995313618
                            ],
                            [
                                -91.530460271278159,
                                17.796211874991052
                            ],
                            [
                                -91.530406821356408,
                                17.796086375025688
                            ],
                            [
                                -91.530355042184496,
                                17.795960234352393
                            ],
                            [
                                -91.530300077436408,
                                17.795835344322178
                            ],
                            [
                                -91.530252271871717,
                                17.795707772550958
                            ],
                            [
                                -91.530201581929262,
                                17.795581224170139
                            ],
                            [
                                -91.530124351992569,
                                17.795467665157403
                            ],
                            [
                                -91.530049450855898,
                                17.795352654058085
                            ],
                            [
                                -91.529987331897857,
                                17.795230884771879
                            ],
                            [
                                -91.529925761328926,
                                17.795108849344462
                            ],
                            [
                                -91.529852520993074,
                                17.794992884987046
                            ],
                            [
                                -91.529810581966075,
                                17.794863434634451
                            ],
                            [
                                -91.529742981536145,
                                17.794744364860026
                            ],
                            [
                                -91.529676521573421,
                                17.794624709672888
                            ],
                            [
                                -91.529656213219184,
                                17.7945844538364
                            ],
                            [
                                -91.529614954375589,
                                17.794502674434408
                            ],
                            [
                                -91.529591701664643,
                                17.794441237250716
                            ],
                            [
                                -91.529566721657645,
                                17.794375246742803
                            ],
                            [
                                -91.529494861814996,
                                17.794258485306568
                            ],
                            [
                                -91.529432646977256,
                                17.794136745473928
                            ],
                            [
                                -91.529380962535839,
                                17.794010575126194
                            ],
                            [
                                -91.529327561419947,
                                17.7938850549439
                            ],
                            [
                                -91.529201271372116,
                                17.793610605486034
                            ],
                            [
                                -91.529102092391781,
                                17.793317946155572
                            ],
                            [
                                -91.52893696275116,
                                17.792923746327297
                            ],
                            [
                                -91.528741782776734,
                                17.792430055508209
                            ],
                            [
                                -91.528469211342937,
                                17.791907466148647
                            ],
                            [
                                -91.528059411841525,
                                17.791274835269494
                            ],
                            [
                                -91.527615992175811,
                                17.790254835413279
                            ],
                            [
                                -91.528745708024672,
                                17.790219536555785
                            ],
                            [
                                -91.529763252456704,
                                17.790162875818957
                            ],
                            [
                                -91.5297902022579,
                                17.789607515600199
                            ],
                            [
                                -91.529811651008814,
                                17.78901016697009
                            ],
                            [
                                -91.530762471765343,
                                17.788921907274254
                            ],
                            [
                                -91.530928790827829,
                                17.789427946077488
                            ],
                            [
                                -91.531055380732653,
                                17.789775506753742
                            ],
                            [
                                -91.53257789139289,
                                17.789268196566912
                            ],
                            [
                                -91.532693290409654,
                                17.7896168261152
                            ],
                            [
                                -91.532943290450746,
                                17.790305886003818
                            ],
                            [
                                -91.533117131703833,
                                17.790243715828272
                            ],
                            [
                                -91.533479764894793,
                                17.791443278637061
                            ],
                            [
                                -91.533830701509302,
                                17.792598146378609
                            ],
                            [
                                -91.534153530194786,
                                17.793514135631273
                            ],
                            [
                                -91.534623047450438,
                                17.797687811663998
                            ],
                            [
                                -91.534633011164729,
                                17.797711253806519
                            ],
                            [
                                -91.536171869477414,
                                17.7976115748477
                            ],
                            [
                                -91.537774070333327,
                                17.797507763599061
                            ],
                            [
                                -91.537673419484946,
                                17.796992513744563
                            ],
                            [
                                -91.538458209116925,
                                17.796899824724214
                            ],
                            [
                                -91.538502288025185,
                                17.797322153913925
                            ],
                            [
                                -91.53902886127095,
                                17.79721591631839
                            ],
                            [
                                -91.539256298709063,
                                17.79717003047147
                            ],
                            [
                                -91.539592718385734,
                                17.797102163896806
                            ],
                            [
                                -91.539625910108995,
                                17.797517771922546
                            ],
                            [
                                -91.539637518531663,
                                17.797663104840904
                            ],
                            [
                                -91.541247459464145,
                                17.796561825681241
                            ],
                            [
                                -91.541491171656148,
                                17.796447638091834
                            ],
                            [
                                -91.541540821702924,
                                17.796424377492229
                            ],
                            [
                                -91.542011347634329,
                                17.796203922485407
                            ],
                            [
                                -91.54336244859843,
                                17.795582934713821
                            ],
                            [
                                -91.543638438291822,
                                17.795619182146819
                            ],
                            [
                                -91.543746878165123,
                                17.795695853153262
                            ],
                            [
                                -91.543672977514333,
                                17.796279745242817
                            ],
                            [
                                -91.543308287318339,
                                17.798684594486986
                            ],
                            [
                                -91.544001883619671,
                                17.798597314559753
                            ],
                            [
                                -91.543965156405548,
                                17.798237794110641
                            ],
                            [
                                -91.543940018594725,
                                17.798069713481464
                            ],
                            [
                                -91.544918753555194,
                                17.79770476416709
                            ],
                            [
                                -91.545287887564456,
                                17.798275453717562
                            ],
                            [
                                -91.545427133186763,
                                17.798516118320865
                            ],
                            [
                                -91.546636626160691,
                                17.80060650652964
                            ],
                            [
                                -91.546011544851694,
                                17.800969172774582
                            ],
                            [
                                -91.545267637959995,
                                17.801400773861271
                            ],
                            [
                                -91.545229698526612,
                                17.801406563913456
                            ],
                            [
                                -91.545211486894388,
                                17.801409332499073
                            ],
                            [
                                -91.545167013134275,
                                17.801503543915636
                            ],
                            [
                                -91.544329777109411,
                                17.80330757252144
                            ],
                            [
                                -91.544314288677413,
                                17.803340943356265
                            ],
                            [
                                -91.543678754691115,
                                17.803132144777845
                            ],
                            [
                                -91.542808838923406,
                                17.805663352996046
                            ],
                            [
                                -91.542334497753913,
                                17.805499230036038
                            ],
                            [
                                -91.541889977796814,
                                17.805345422508157
                            ],
                            [
                                -91.541774023126919,
                                17.805855390602069
                            ],
                            [
                                -91.541599060598713,
                                17.806559437349875
                            ],
                            [
                                -91.541575865735354,
                                17.80665605326929
                            ],
                            [
                                -91.541366674366017,
                                17.807527444631056
                            ],
                            [
                                -91.541356085382731,
                                17.807571547662167
                            ],
                            [
                                -91.541237330259023,
                                17.80806622418525
                            ],
                            [
                                -91.541060239711953,
                                17.808900438178405
                            ],
                            [
                                -91.541183556331106,
                                17.808963438314578
                            ],
                            [
                                -91.541258530577409,
                                17.809191584000683
                            ],
                            [
                                -91.541292363856101,
                                17.809391585264038
                            ],
                            [
                                -91.541300128256481,
                                17.809437476726124
                            ],
                            [
                                -91.54159404875621,
                                17.809905200659998
                            ],
                            [
                                -91.541865898085788,
                                17.810327070410899
                            ],
                            [
                                -91.541975089756434,
                                17.81048835447551
                            ],
                            [
                                -91.542625088581346,
                                17.811144131418427
                            ],
                            [
                                -91.542600947357755,
                                17.811414651361066
                            ],
                            [
                                -91.542492299208504,
                                17.812696422057126
                            ],
                            [
                                -91.542490740740547,
                                17.81271482398374
                            ],
                            [
                                -91.542516360534449,
                                17.812721969884802
                            ],
                            [
                                -91.542849139474512,
                                17.812814772385781
                            ],
                            [
                                -91.542850740536025,
                                17.812815219781601
                            ],
                            [
                                -91.543768898891145,
                                17.813071266444233
                            ],
                            [
                                -91.543759817849434,
                                17.813102771083852
                            ],
                            [
                                -91.544824540766271,
                                17.813343394728864
                            ],
                            [
                                -91.544824164385645,
                                17.813345154053113
                            ],
                            [
                                -91.544666177585924,
                                17.814084526762329
                            ],
                            [
                                -91.545454521931276,
                                17.81427976856515
                            ],
                            [
                                -91.54527937477333,
                                17.815405203696095
                            ],
                            [
                                -91.545278681239054,
                                17.815405040974937
                            ],
                            [
                                -91.544422948805888,
                                17.81520276925464
                            ],
                            [
                                -91.543552347095755,
                                17.814971300505629
                            ],
                            [
                                -91.542781936323948,
                                17.814788499461578
                            ],
                            [
                                -91.542721819126143,
                                17.81477361925732
                            ],
                            [
                                -91.542769047347051,
                                17.815002369884603
                            ],
                            [
                                -91.543010387401921,
                                17.815834620369603
                            ],
                            [
                                -91.541672239058869,
                                17.815635049651469
                            ],
                            [
                                -91.541720353269326,
                                17.815754908584065
                            ],
                            [
                                -91.541793204990213,
                                17.815932725980055
                            ],
                            [
                                -91.541962770480481,
                                17.81633244401349
                            ],
                            [
                                -91.542038914815905,
                                17.816516580277433
                            ],
                            [
                                -91.542126724404937,
                                17.816728923219337
                            ],
                            [
                                -91.542267778167556,
                                17.817069963686947
                            ],
                            [
                                -91.542428978760753,
                                17.817414068908104
                            ],
                            [
                                -91.543224007486856,
                                17.819182516544195
                            ],
                            [
                                -91.543451065917651,
                                17.819673004939723
                            ],
                            [
                                -91.543466647960443,
                                17.819706664979929
                            ],
                            [
                                -91.543479858330585,
                                17.819735201820187
                            ],
                            [
                                -91.543515849966198,
                                17.819794848573967
                            ],
                            [
                                -91.543917445452109,
                                17.820460372160262
                            ],
                            [
                                -91.543619003863142,
                                17.820727740209875
                            ],
                            [
                                -91.543180444826703,
                                17.821127490449928
                            ],
                            [
                                -91.543211268662148,
                                17.821200392319273
                            ],
                            [
                                -91.543041349648988,
                                17.821307535946328
                            ],
                            [
                                -91.543040842623881,
                                17.821307855796917
                            ],
                            [
                                -91.542800214690772,
                                17.820798486039433
                            ],
                            [
                                -91.542148960229994,
                                17.819539278485557
                            ],
                            [
                                -91.541167655487129,
                                17.817542689113356
                            ],
                            [
                                -91.54069577818089,
                                17.817862025632913
                            ],
                            [
                                -91.539520425258232,
                                17.818975929389577
                            ],
                            [
                                -91.539345812962665,
                                17.818751882720104
                            ],
                            [
                                -91.539241999161717,
                                17.818850827499219
                            ],
                            [
                                -91.538959818369307,
                                17.8183930986565
                            ],
                            [
                                -91.538753196972465,
                                17.818097258695158
                            ],
                            [
                                -91.537809714516939,
                                17.816724341304123
                            ],
                            [
                                -91.536638544695904,
                                17.818094490937746
                            ],
                            [
                                -91.536480512006079,
                                17.818264457037834
                            ],
                            [
                                -91.536679981875125,
                                17.818392350715005
                            ],
                            [
                                -91.53605404828707,
                                17.819123503635506
                            ],
                            [
                                -91.536166646112676,
                                17.819203424468437
                            ],
                            [
                                -91.536226020751968,
                                17.819245566236109
                            ],
                            [
                                -91.536325560766215,
                                17.819316217283287
                            ],
                            [
                                -91.536349807949037,
                                17.819333427487184
                            ],
                            [
                                -91.536060770579397,
                                17.819654695946291
                            ],
                            [
                                -91.536042421928144,
                                17.819643003684288
                            ],
                            [
                                -91.535716090199671,
                                17.819435034035962
                            ],
                            [
                                -91.535709219829485,
                                17.81944525260371
                            ],
                            [
                                -91.535700217721129,
                                17.819458641294457
                            ],
                            [
                                -91.53566867553873,
                                17.819505554566895
                            ],
                            [
                                -91.535607253359331,
                                17.819596906884762
                            ],
                            [
                                -91.535520510111155,
                                17.819725920022641
                            ],
                            [
                                -91.535444042381954,
                                17.819839650333069
                            ],
                            [
                                -91.535116349969343,
                                17.82011815565302
                            ],
                            [
                                -91.534791928789616,
                                17.820413151006488
                            ],
                            [
                                -91.53437635453767,
                                17.820832887002833
                            ],
                            [
                                -91.535163885541863,
                                17.822233436932404
                            ],
                            [
                                -91.535159706359636,
                                17.822235695055646
                            ],
                            [
                                -91.53452175118764,
                                17.82258036619573
                            ],
                            [
                                -91.53475460160557,
                                17.82300378322542
                            ],
                            [
                                -91.534219387795616,
                                17.823323881951303
                            ],
                            [
                                -91.534252805541954,
                                17.823386079658892
                            ],
                            [
                                -91.5342497326249,
                                17.823387767117953
                            ],
                            [
                                -91.53247905226003,
                                17.824360061440757
                            ],
                            [
                                -91.532465232102169,
                                17.824707802903816
                            ],
                            [
                                -91.532440683056819,
                                17.824841053393836
                            ],
                            [
                                -91.532364764475219,
                                17.824949241819869
                            ],
                            [
                                -91.532202197385331,
                                17.825022624112808
                            ],
                            [
                                -91.531166857629572,
                                17.825022331619049
                            ],
                            [
                                -91.531091143789141,
                                17.825022309612319
                            ],
                            [
                                -91.531078796911203,
                                17.823892621325417
                            ]
                        ]
                    ]
                ]
            }
        },
        {
            "type": "Feature",
            "properties": {
                "EDICION": "2025",
                "VERSION": "1",
                "TIPO_GEO": "l",
                "CVEGEO": "270010065",
                "CVE_ENT": "27",
                "CVE_MUN": "001",
                "CVE_LOC": "0065",
                "NOMGEO": "Miguel Hidalgo Sacaolas",
                "AMBITO": "Rural"
            },
            "geometry": {
                "type": "MultiPolygon",
                "coordinates": [
                    [
                        [
                            [
                                -91.111064094576264,
                                17.646503173867679
                            ],
                            [
                                -91.11108267574771,
                                17.645503002456561
                            ],
                            [
                                -91.111122065487265,
                                17.644484982894873
                            ],
                            [
                                -91.111146815656284,
                                17.643775753080241
                            ],
                            [
                                -91.111148644203737,
                                17.643758353490448
                            ],
                            [
                                -91.111202474154481,
                                17.643763514030645
                            ],
                            [
                                -91.112058524570529,
                                17.643808183752991
                            ],
                            [
                                -91.112096645197994,
                                17.643808813900939
                            ],
                            [
                                -91.112061633759311,
                                17.64451761245197
                            ],
                            [
                                -91.112039065244161,
                                17.64557683349091
                            ],
                            [
                                -91.111999366882301,
                                17.646528974534345
                            ],
                            [
                                -91.113037045088504,
                                17.646565072034438
                            ],
                            [
                                -91.113102676499651,
                                17.645586069189186
                            ],
                            [
                                -91.113442940486607,
                                17.645569255650507
                            ],
                            [
                                -91.114076024960582,
                                17.645584721498924
                            ],
                            [
                                -91.114149064365293,
                                17.645615062217935
                            ],
                            [
                                -91.114257643572188,
                                17.645573753688083
                            ],
                            [
                                -91.114495963402007,
                                17.645569572799396
                            ],
                            [
                                -91.115156204837305,
                                17.645582912755302
                            ],
                            [
                                -91.115140293842344,
                                17.646649033317658
                            ],
                            [
                                -91.116177443920094,
                                17.646685973163077
                            ],
                            [
                                -91.116164813444016,
                                17.647687462900542
                            ],
                            [
                                -91.116145784019068,
                                17.648659922301729
                            ],
                            [
                                -91.116136933955502,
                                17.649346311307646
                            ],
                            [
                                -91.115076333396985,
                                17.649350951671472
                            ],
                            [
                                -91.11402843490778,
                                17.649349921255659
                            ],
                            [
                                -91.113002711345572,
                                17.649350845823733
                            ],
                            [
                                -91.111946705686307,
                                17.64935823361742
                            ],
                            [
                                -91.111973325259711,
                                17.647540641774583
                            ],
                            [
                                -91.111037755016213,
                                17.647526861872187
                            ],
                            [
                                -91.111064094576264,
                                17.646503173867679
                            ]
                        ]
                    ]
                ]
            }
        },
        {
            "type": "Feature",
            "properties": {
                "EDICION": "2025",
                "VERSION": "1",
                "TIPO_GEO": "l",
                "CVEGEO": "270010075",
                "CVE_ENT": "27",
                "CVE_MUN": "001",
                "CVE_LOC": "0075",
                "NOMGEO": "Uquina y la Loma",
                "AMBITO": "Rural"
            },
            "geometry": {
                "type": "MultiPolygon",
                "coordinates": [
                    [
                        [
                            [
                                -91.556789469533655,
                                17.818845110165
                            ],
                            [
                                -91.556891977614896,
                                17.818720933146608
                            ],
                            [
                                -91.557195653033617,
                                17.818275009927067
                            ],
                            [
                                -91.556792408783167,
                                17.818016308582589
                            ],
                            [
                                -91.557431660019972,
                                17.816984273427121
                            ],
                            [
                                -91.558711959511101,
                                17.817772928020972
                            ],
                            [
                                -91.558321740244551,
                                17.818368513112766
                            ],
                            [
                                -91.558423789282571,
                                17.818437732218758
                            ],
                            [
                                -91.558558026093721,
                                17.818486522916455
                            ],
                            [
                                -91.558393167597302,
                                17.819034291761863
                            ],
                            [
                                -91.558016413582422,
                                17.819584612308486
                            ],
                            [
                                -91.556789469533655,
                                17.818845110165
                            ]
                        ]
                    ]
                ]
            }
        },
        {
            "type": "Feature",
            "properties": {
                "EDICION": "2025",
                "VERSION": "1",
                "TIPO_GEO": "l",
                "CVEGEO": "270010680",
                "CVE_ENT": "27",
                "CVE_MUN": "001",
                "CVE_LOC": "0680",
                "NOMGEO": "Agricultores del Norte 2da. Seccion",
                "AMBITO": "Rural"
            },
            "geometry": {
                "type": "MultiPolygon",
                "coordinates": [
                    [
                        [
                            [
                                -91.096155669074321,
                                17.921430671804696
                            ],
                            [
                                -91.096250099360986,
                                17.920429102067033
                            ],
                            [
                                -91.096278269364504,
                                17.920430841575669
                            ],
                            [
                                -91.097813678588139,
                                17.920430991722093
                            ],
                            [
                                -91.09914933821986,
                                17.920432561878094
                            ],
                            [
                                -91.099188078026202,
                                17.920431902163955
                            ],
                            [
                                -91.099176958610997,
                                17.92144311200455
                            ],
                            [
                                -91.099176278758847,
                                17.921474651326601
                            ],
                            [
                                -91.099175638491104,
                                17.921504871438287
                            ],
                            [
                                -91.099176128651521,
                                17.921937081831917
                            ],
                            [
                                -91.099175848287189,
                                17.921970041316033
                            ],
                            [
                                -91.099175588116822,
                                17.922001711006025
                            ],
                            [
                                -91.099167988605814,
                                17.922354940927683
                            ],
                            [
                                -91.099168738603851,
                                17.922382771480269
                            ],
                            [
                                -91.099169478180613,
                                17.922410161481253
                            ],
                            [
                                -91.099159138206673,
                                17.922915961560918
                            ],
                            [
                                -91.099159557950387,
                                17.923005420758571
                            ],
                            [
                                -91.099161648257279,
                                17.923344500760642
                            ],
                            [
                                -91.099160897880168,
                                17.923372020671771
                            ],
                            [
                                -91.097600678736512,
                                17.923355220959468
                            ],
                            [
                                -91.097576278624672,
                                17.923355191145102
                            ],
                            [
                                -91.095989928978938,
                                17.923353190703079
                            ],
                            [
                                -91.096068588830988,
                                17.922365821659032
                            ],
                            [
                                -91.096073419561151,
                                17.92230722160847
                            ],
                            [
                                -91.096078049403516,
                                17.922253931591868
                            ],
                            [
                                -91.09611306948527,
                                17.921882571895466
                            ],
                            [
                                -91.096155669074321,
                                17.921430671804696
                            ]
                        ]
                    ]
                ]
            }
        },
        {
            "type": "Feature",
            "properties": {
                "EDICION": "2025",
                "VERSION": "1",
                "TIPO_GEO": "l",
                "CVEGEO": "270010723",
                "CVE_ENT": "27",
                "CVE_MUN": "001",
                "CVE_LOC": "0723",
                "NOMGEO": "Miguel Hidalgo 2da. Seccion",
                "AMBITO": "Rural"
            },
            "geometry": {
                "type": "MultiPolygon",
                "coordinates": [
                    [
                        [
                            [
                                -91.555802863761301,
                                18.006094570150427
                            ],
                            [
                                -91.553245387372925,
                                18.005786865382202
                            ],
                            [
                                -91.553176428606605,
                                18.005641142408564
                            ],
                            [
                                -91.552986601884072,
                                18.005221824332601
                            ],
                            [
                                -91.552833992312316,
                                18.004890527912981
                            ],
                            [
                                -91.552628141289674,
                                18.00443288657857
                            ],
                            [
                                -91.552554937982322,
                                18.004262459018655
                            ],
                            [
                                -91.552486922827214,
                                18.004031736054515
                            ],
                            [
                                -91.552405538404173,
                                18.003740416615603
                            ],
                            [
                                -91.554461401623584,
                                18.003892745986668
                            ],
                            [
                                -91.556629941611007,
                                18.004041961321182
                            ],
                            [
                                -91.556718404733076,
                                18.003034341583735
                            ],
                            [
                                -91.557796554425323,
                                18.003141435497859
                            ],
                            [
                                -91.558879970038802,
                                18.003212773852344
                            ],
                            [
                                -91.558772288759016,
                                18.004253360247247
                            ],
                            [
                                -91.559780009725898,
                                18.004395866816555
                            ],
                            [
                                -91.55967114628902,
                                18.005435930399024
                            ],
                            [
                                -91.559557557127007,
                                18.006433116722533
                            ],
                            [
                                -91.561147572927709,
                                18.0065793801731
                            ],
                            [
                                -91.56122487453527,
                                18.007699721168191
                            ],
                            [
                                -91.561567813207247,
                                18.007725620541635
                            ],
                            [
                                -91.56165997316306,
                                18.008633571082541
                            ],
                            [
                                -91.559227093624003,
                                18.008493941520957
                            ],
                            [
                                -91.558177843426463,
                                18.008432849664537
                            ],
                            [
                                -91.557134143490615,
                                18.008313750212217
                            ],
                            [
                                -91.556087683697015,
                                18.008194001032066
                            ],
                            [
                                -91.55593564395528,
                                18.007213400981648
                            ],
                            [
                                -91.555802863761301,
                                18.006094570150427
                            ]
                        ]
                    ]
                ]
            }
        },
        {
            "type": "Feature",
            "properties": {
                "EDICION": "2025",
                "VERSION": "1",
                "TIPO_GEO": "l",
                "CVEGEO": "270010039",
                "CVE_ENT": "27",
                "CVE_MUN": "001",
                "CVE_LOC": "0039",
                "NOMGEO": "Leona Vicario",
                "AMBITO": "Rural"
            },
            "geometry": {
                "type": "MultiPolygon",
                "coordinates": [
                    [
                        [
                            [
                                -91.539237167647826,
                                17.689056530062103
                            ],
                            [
                                -91.540314000462828,
                                17.689445499063915
                            ],
                            [
                                -91.542666656347109,
                                17.690303061105517
                            ],
                            [
                                -91.546124380544185,
                                17.691405934461859
                            ],
                            [
                                -91.545958448035108,
                                17.691932661732984
                            ],
                            [
                                -91.54583503756281,
                                17.692423911850085
                            ],
                            [
                                -91.545719164965234,
                                17.692840852180776
                            ],
                            [
                                -91.545596846622175,
                                17.693278801495545
                            ],
                            [
                                -91.545477637132691,
                                17.693721851541632
                            ],
                            [
                                -91.545356287318953,
                                17.694172881094641
                            ],
                            [
                                -91.545265757834741,
                                17.694524621017852
                            ],
                            [
                                -91.544198408541391,
                                17.694160831634044
                            ],
                            [
                                -91.54329897740034,
                                17.693858130228506
                            ],
                            [
                                -91.542398557604571,
                                17.693570111409461
                            ],
                            [
                                -91.541502959073,
                                17.693252991517749
                            ],
                            [
                                -91.540886929142289,
                                17.69303399168788
                            ],
                            [
                                -91.539768838742617,
                                17.692651650966848
                            ],
                            [
                                -91.539181110340394,
                                17.692444272117164
                            ],
                            [
                                -91.539320988830667,
                                17.692062682332043
                            ],
                            [
                                -91.539486849243346,
                                17.691629101283535
                            ],
                            [
                                -91.539651729197843,
                                17.691209311888208
                            ],
                            [
                                -91.538666599732124,
                                17.690882850309904
                            ],
                            [
                                -91.539237167647826,
                                17.689056530062103
                            ]
                        ]
                    ]
                ]
            }
        },
        {
            "type": "Feature",
            "properties": {
                "EDICION": "2025",
                "VERSION": "1",
                "TIPO_GEO": "l",
                "CVEGEO": "270010097",
                "CVE_ENT": "27",
                "CVE_MUN": "001",
                "CVE_LOC": "0097",
                "NOMGEO": "General Luis Felipe Dominguez Suarez",
                "AMBITO": "Rural"
            },
            "geometry": {
                "type": "MultiPolygon",
                "coordinates": [
                    [
                        [
                            [
                                -91.536365224317692,
                                17.658032392024648
                            ],
                            [
                                -91.536192070824228,
                                17.657699470446648
                            ],
                            [
                                -91.535976051088767,
                                17.657278491184787
                            ],
                            [
                                -91.535892619186939,
                                17.65711587094842
                            ],
                            [
                                -91.535757040075907,
                                17.656857909348354
                            ],
                            [
                                -91.535424010614335,
                                17.656224199978006
                            ],
                            [
                                -91.535369990574566,
                                17.656121069977839
                            ],
                            [
                                -91.535198329758842,
                                17.655647139895354
                            ],
                            [
                                -91.535005490350855,
                                17.65511469164737
                            ],
                            [
                                -91.534852811688694,
                                17.654376856548996
                            ],
                            [
                                -91.534885720640844,
                                17.654074111184748
                            ],
                            [
                                -91.534893730795758,
                                17.653848950894954
                            ],
                            [
                                -91.53489676108498,
                                17.653514060712524
                            ],
                            [
                                -91.534868159481505,
                                17.653288141743996
                            ],
                            [
                                -91.53479029092027,
                                17.653291911349033
                            ],
                            [
                                -91.534423581493954,
                                17.653297470812202
                            ],
                            [
                                -91.534370591092923,
                                17.653296841626386
                            ],
                            [
                                -91.534327419730829,
                                17.653282000996075
                            ],
                            [
                                -91.534325700774588,
                                17.653193970874327
                            ],
                            [
                                -91.534316390652293,
                                17.652114831779688
                            ],
                            [
                                -91.534274850641452,
                                17.650540712306444
                            ],
                            [
                                -91.534268980482111,
                                17.650501722664959
                            ],
                            [
                                -91.534257361322176,
                                17.650424832055208
                            ],
                            [
                                -91.53426942110606,
                                17.6496770328379
                            ],
                            [
                                -91.534290929721436,
                                17.648727311892738
                            ],
                            [
                                -91.534292330646252,
                                17.648579002391628
                            ],
                            [
                                -91.534293549738564,
                                17.648451473490692
                            ],
                            [
                                -91.534310250166911,
                                17.647738183225215
                            ],
                            [
                                -91.534322350579373,
                                17.647297122101747
                            ],
                            [
                                -91.534674161227969,
                                17.647386923197629
                            ],
                            [
                                -91.534787641627375,
                                17.647417342625396
                            ],
                            [
                                -91.534901021533528,
                                17.647448113770484
                            ],
                            [
                                -91.534914730667012,
                                17.647451972539489
                            ],
                            [
                                -91.534941049522018,
                                17.647459382851963
                            ],
                            [
                                -91.535041149644343,
                                17.647489862949524
                            ],
                            [
                                -91.535152951237748,
                                17.647525543537459
                            ],
                            [
                                -91.535615160977144,
                                17.647678983621052
                            ],
                            [
                                -91.535845151057615,
                                17.647755342263533
                            ],
                            [
                                -91.536547330698454,
                                17.647974493434983
                            ],
                            [
                                -91.53719735003942,
                                17.648166802656426
                            ],
                            [
                                -91.537239190488819,
                                17.64817912241174
                            ],
                            [
                                -91.537727980581039,
                                17.648326802696779
                            ],
                            [
                                -91.537653253196623,
                                17.649099695607156
                            ],
                            [
                                -91.537648950118509,
                                17.649144692431491
                            ],
                            [
                                -91.537980350429265,
                                17.64916241301507
                            ],
                            [
                                -91.53845561940004,
                                17.649246972074526
                            ],
                            [
                                -91.53900954973814,
                                17.6494699720377
                            ],
                            [
                                -91.539078490278413,
                                17.649281632373732
                            ],
                            [
                                -91.539166389486795,
                                17.649111983373384
                            ],
                            [
                                -91.539245899591322,
                                17.648931341896272
                            ],
                            [
                                -91.539335019908279,
                                17.648657311937725
                            ],
                            [
                                -91.539818038979945,
                                17.648887141423483
                            ],
                            [
                                -91.540015558668827,
                                17.648985113142338
                            ],
                            [
                                -91.539976699071133,
                                17.649109171440649
                            ],
                            [
                                -91.539908889207993,
                                17.649327143021424
                            ],
                            [
                                -91.539748128991434,
                                17.649643233196368
                            ],
                            [
                                -91.539704758591583,
                                17.649746381667139
                            ],
                            [
                                -91.539576978821813,
                                17.650050381176825
                            ],
                            [
                                -91.53932554987172,
                                17.650563752328416
                            ],
                            [
                                -91.539278289081253,
                                17.650634152465663
                            ],
                            [
                                -91.5391606893687,
                                17.650628371686157
                            ],
                            [
                                -91.539060578927746,
                                17.650597342727622
                            ],
                            [
                                -91.538999648726488,
                                17.650583091693186
                            ],
                            [
                                -91.538768069190724,
                                17.650528871686319
                            ],
                            [
                                -91.538586238512778,
                                17.650503462725666
                            ],
                            [
                                -91.538373159324678,
                                17.650447812393828
                            ],
                            [
                                -91.537968120237807,
                                17.650348291992966
                            ],
                            [
                                -91.537912469355788,
                                17.651257111015735
                            ],
                            [
                                -91.537632849124194,
                                17.651197440950636
                            ],
                            [
                                -91.537593100683068,
                                17.651187671095236
                            ],
                            [
                                -91.537577870062748,
                                17.651212645965622
                            ],
                            [
                                -91.537572190350332,
                                17.651975460994354
                            ],
                            [
                                -91.537545219557927,
                                17.652644232500808
                            ],
                            [
                                -91.53753269952901,
                                17.652944041635514
                            ],
                            [
                                -91.537497366940372,
                                17.653369108325354
                            ],
                            [
                                -91.537494868985348,
                                17.653399151130358
                            ],
                            [
                                -91.537134642512569,
                                17.653171765836184
                            ],
                            [
                                -91.537112470839219,
                                17.65315777214802
                            ],
                            [
                                -91.537093210074531,
                                17.653240150950893
                            ],
                            [
                                -91.537078579166447,
                                17.653691211636239
                            ],
                            [
                                -91.537077220287699,
                                17.653780831151671
                            ],
                            [
                                -91.537070290092075,
                                17.654239240938846
                            ],
                            [
                                -91.537069470587738,
                                17.654293141807074
                            ],
                            [
                                -91.537089690020537,
                                17.654720630170729
                            ],
                            [
                                -91.537107790632547,
                                17.65479081074481
                            ],
                            [
                                -91.537137500875048,
                                17.654900140348847
                            ],
                            [
                                -91.537183729497983,
                                17.655031491530217
                            ],
                            [
                                -91.53722264013598,
                                17.655142040315031
                            ],
                            [
                                -91.537334159102997,
                                17.655448261582539
                            ],
                            [
                                -91.537349990477182,
                                17.65549172085549
                            ],
                            [
                                -91.537382759993477,
                                17.655557399648966
                            ],
                            [
                                -91.537536359610513,
                                17.655862661771387
                            ],
                            [
                                -91.537545779813442,
                                17.655880911009564
                            ],
                            [
                                -91.537557349848967,
                                17.655903370621441
                            ],
                            [
                                -91.537706120891244,
                                17.656185311480275
                            ],
                            [
                                -91.537764039043452,
                                17.656286950177268
                            ],
                            [
                                -91.537830380172451,
                                17.656403380870916
                            ],
                            [
                                -91.537851089408903,
                                17.656439470172305
                            ],
                            [
                                -91.537988639475827,
                                17.656690640580305
                            ],
                            [
                                -91.537999620359784,
                                17.656708381123064
                            ],
                            [
                                -91.538009449316547,
                                17.656724270256127
                            ],
                            [
                                -91.538198700436581,
                                17.657026889889895
                            ],
                            [
                                -91.538325809885279,
                                17.657218349847824
                            ],
                            [
                                -91.538374819416333,
                                17.657298409430272
                            ],
                            [
                                -91.538431759909869,
                                17.657393690496171
                            ],
                            [
                                -91.538567419455475,
                                17.657582311201811
                            ],
                            [
                                -91.538590419750648,
                                17.657616770303392
                            ],
                            [
                                -91.538716020359345,
                                17.657807950347177
                            ],
                            [
                                -91.538770588920684,
                                17.657908339231568
                            ],
                            [
                                -91.538944488798251,
                                17.658229119609079
                            ],
                            [
                                -91.53859666920043,
                                17.658062380771142
                            ],
                            [
                                -91.538301400185304,
                                17.657914499666816
                            ],
                            [
                                -91.538242872166876,
                                17.657881042178154
                            ],
                            [
                                -91.537795612573134,
                                17.6581912350096
                            ],
                            [
                                -91.537555396825809,
                                17.658321745587845
                            ],
                            [
                                -91.537368821915237,
                                17.658408808454109
                            ],
                            [
                                -91.53728937738606,
                                17.658343962422368
                            ],
                            [
                                -91.537166411173189,
                                17.65866551470971
                            ],
                            [
                                -91.536861678117901,
                                17.658632482425279
                            ],
                            [
                                -91.536757351809314,
                                17.65801009062773
                            ],
                            [
                                -91.536453051540562,
                                17.658194629621601
                            ],
                            [
                                -91.536365224317692,
                                17.658032392024648
                            ]
                        ]
                    ]
                ]
            }
        },
        {
            "type": "Feature",
            "properties": {
                "EDICION": "2025",
                "VERSION": "1",
                "TIPO_GEO": "l",
                "CVEGEO": "270010604",
                "CVE_ENT": "27",
                "CVE_MUN": "001",
                "CVE_LOC": "0604",
                "NOMGEO": "Emiliano Zapata Salazar",
                "AMBITO": "Rural"
            },
            "geometry": {
                "type": "MultiPolygon",
                "coordinates": [
                    [
                        [
                            [
                                -91.094227220026141,
                                17.732251890172353
                            ],
                            [
                                -91.09425024018077,
                                17.731875750339874
                            ],
                            [
                                -91.09526399965597,
                                17.731953193680479
                            ],
                            [
                                -91.096319139762613,
                                17.732052670385272
                            ],
                            [
                                -91.096280759635718,
                                17.732539160529299
                            ],
                            [
                                -91.09619992909478,
                                17.733599729942053
                            ],
                            [
                                -91.096132758984837,
                                17.734098439993396
                            ],
                            [
                                -91.095139939256171,
                                17.73394644986719
                            ],
                            [
                                -91.09415245023601,
                                17.733817239599258
                            ],
                            [
                                -91.094108099692136,
                                17.733750289518937
                            ],
                            [
                                -91.094186109818807,
                                17.732875439674284
                            ],
                            [
                                -91.094227220026141,
                                17.732251890172353
                            ]
                        ]
                    ]
                ]
            }
        },
        {
            "type": "Feature",
            "properties": {
                "EDICION": "2025",
                "VERSION": "1",
                "TIPO_GEO": "l",
                "CVEGEO": "270010015",
                "CVE_ENT": "27",
                "CVE_MUN": "001",
                "CVE_LOC": "0015",
                "NOMGEO": "El Capulin",
                "AMBITO": "Rural"
            },
            "geometry": {
                "type": "MultiPolygon",
                "coordinates": [
                    [
                        [
                            [
                                -91.088541150245348,
                                17.704559421552961
                            ],
                            [
                                -91.089482766105746,
                                17.704487189202631
                            ],
                            [
                                -91.08954160180572,
                                17.704552885912069
                            ],
                            [
                                -91.08993075689591,
                                17.706365034682474
                            ],
                            [
                                -91.087457841834379,
                                17.706812746112178
                            ],
                            [
                                -91.08738852838836,
                                17.706952034288516
                            ],
                            [
                                -91.086977456691173,
                                17.707841544925849
                            ],
                            [
                                -91.086558836529278,
                                17.708754044141578
                            ],
                            [
                                -91.082964628497976,
                                17.709119506203564
                            ],
                            [
                                -91.08291256480716,
                                17.70831262984985
                            ],
                            [
                                -91.082965528529897,
                                17.707514951081368
                            ],
                            [
                                -91.082986546254673,
                                17.706497860639214
                            ],
                            [
                                -91.082966990058964,
                                17.705486572605341
                            ],
                            [
                                -91.08295483681357,
                                17.704460011090774
                            ],
                            [
                                -91.082944152060705,
                                17.703516168823512
                            ],
                            [
                                -91.082994717745564,
                                17.703471896974385
                            ],
                            [
                                -91.08406150349667,
                                17.703443920644155
                            ],
                            [
                                -91.085112226185402,
                                17.703444930370935
                            ],
                            [
                                -91.088536882014481,
                                17.703417474701226
                            ],
                            [
                                -91.088541150245348,
                                17.704559421552961
                            ]
                        ]
                    ]
                ]
            }
        },
        {
            "type": "Feature",
            "properties": {
                "EDICION": "2025",
                "VERSION": "1",
                "TIPO_GEO": "l",
                "CVEGEO": "270010035",
                "CVE_ENT": "27",
                "CVE_MUN": "001",
                "CVE_LOC": "0035",
                "NOMGEO": "Jolochero",
                "AMBITO": "Rural"
            },
            "geometry": {
                "type": "MultiPolygon",
                "coordinates": [
                    [
                        [
                            [
                                -91.076101705171865,
                                17.522616523835751
                            ],
                            [
                                -91.076092514003406,
                                17.520818204393851
                            ],
                            [
                                -91.077307593466443,
                                17.520878744247966
                            ],
                            [
                                -91.077292181839553,
                                17.521696387175378
                            ],
                            [
                                -91.078313417950099,
                                17.521780888742416
                            ],
                            [
                                -91.079406272705214,
                                17.521774814111662
                            ],
                            [
                                -91.079341790088478,
                                17.522926693107753
                            ],
                            [
                                -91.080209090504823,
                                17.522975413032878
                            ],
                            [
                                -91.080170863556347,
                                17.523920300031353
                            ],
                            [
                                -91.079299758850283,
                                17.523882691030597
                            ],
                            [
                                -91.079304084611891,
                                17.524856412773548
                            ],
                            [
                                -91.07924015402061,
                                17.525902762576038
                            ],
                            [
                                -91.079199133098967,
                                17.526933723538342
                            ],
                            [
                                -91.07821791348465,
                                17.52689710416945
                            ],
                            [
                                -91.077122734993907,
                                17.526844943561663
                            ],
                            [
                                -91.076078246296078,
                                17.526776591225151
                            ],
                            [
                                -91.074756875502928,
                                17.526663834778574
                            ],
                            [
                                -91.074794905510572,
                                17.525619573743619
                            ],
                            [
                                -91.074836345700447,
                                17.524550344372162
                            ],
                            [
                                -91.07485711451865,
                                17.523573144283581
                            ],
                            [
                                -91.07487814582565,
                                17.522918065065966
                            ],
                            [
                                -91.076104334184492,
                                17.522914725445577
                            ],
                            [
                                -91.076101705171865,
                                17.522616523835751
                            ]
                        ]
                    ]
                ]
            }
        },
        {
            "type": "Feature",
            "properties": {
                "EDICION": "2025",
                "VERSION": "1",
                "TIPO_GEO": "l",
                "CVEGEO": "270010625",
                "CVE_ENT": "27",
                "CVE_MUN": "001",
                "CVE_LOC": "0625",
                "NOMGEO": "La Trinidad",
                "AMBITO": "Rural"
            },
            "geometry": {
                "type": "MultiPolygon",
                "coordinates": [
                    [
                        [
                            [
                                -91.5122426222634,
                                18.040646882088286
                            ],
                            [
                                -91.510273880735127,
                                18.040453055999741
                            ],
                            [
                                -91.510627931619879,
                                18.03791799448738
                            ],
                            [
                                -91.512612765669104,
                                18.038086319398779
                            ],
                            [
                                -91.5122426222634,
                                18.040646882088286
                            ]
                        ]
                    ]
                ]
            }
        },
        {
            "type": "Feature",
            "properties": {
                "EDICION": "2025",
                "VERSION": "1",
                "TIPO_GEO": "l",
                "CVEGEO": "270010002",
                "CVE_ENT": "27",
                "CVE_MUN": "001",
                "CVE_LOC": "0002",
                "NOMGEO": "Agricultores del Norte 1ra. Seccion",
                "AMBITO": "Rural"
            },
            "geometry": {
                "type": "MultiPolygon",
                "coordinates": [
                    [
                        [
                            [
                                -91.092298389027562,
                                17.947302955127935
                            ],
                            [
                                -91.092721424304557,
                                17.9464084973254
                            ],
                            [
                                -91.093793729512186,
                                17.94649584546578
                            ],
                            [
                                -91.093810298116622,
                                17.946470565340938
                            ],
                            [
                                -91.094198189145843,
                                17.945675865933875
                            ],
                            [
                                -91.094219898852202,
                                17.945619965430332
                            ],
                            [
                                -91.094259079150262,
                                17.945622075365296
                            ],
                            [
                                -91.095322158110449,
                                17.945704970359003
                            ],
                            [
                                -91.096225538180633,
                                17.945775396218021
                            ],
                            [
                                -91.096250438553781,
                                17.945788416424119
                            ],
                            [
                                -91.096245168980118,
                                17.945869035227805
                            ],
                            [
                                -91.096101368523648,
                                17.946190755106059
                            ],
                            [
                                -91.095867048250497,
                                17.946634925471688
                            ],
                            [
                                -91.095940107964267,
                                17.946611475174304
                            ],
                            [
                                -91.097069419009188,
                                17.946157365661485
                            ],
                            [
                                -91.096083138063335,
                                17.947626585726638
                            ],
                            [
                                -91.095525207652813,
                                17.948457675898553
                            ],
                            [
                                -91.095016937983942,
                                17.948475565484571
                            ],
                            [
                                -91.092150220193858,
                                17.948580065576543
                            ],
                            [
                                -91.091780729579554,
                                17.948357035585371
                            ],
                            [
                                -91.091813878934559,
                                17.948307765944985
                            ],
                            [
                                -91.091831099976957,
                                17.948238075260466
                            ],
                            [
                                -91.091878590483361,
                                17.948137554756602
                            ],
                            [
                                -91.092298389027562,
                                17.947302955127935
                            ]
                        ]
                    ]
                ]
            }
        },
        {
            "type": "Feature",
            "properties": {
                "EDICION": "2025",
                "VERSION": "1",
                "TIPO_GEO": "l",
                "CVEGEO": "270010204",
                "CVE_ENT": "27",
                "CVE_MUN": "001",
                "CVE_LOC": "0204",
                "NOMGEO": "Vicente Lombardo Toledano",
                "AMBITO": "Rural"
            },
            "geometry": {
                "type": "MultiPolygon",
                "coordinates": [
                    [
                        [
                            [
                                -91.089152621714646,
                                17.579464449470091
                            ],
                            [
                                -91.089247761527261,
                                17.578368909977822
                            ],
                            [
                                -91.090247361353917,
                                17.578352111181218
                            ],
                            [
                                -91.090283621414969,
                                17.57755276975287
                            ],
                            [
                                -91.090280620818262,
                                17.577299330220193
                            ],
                            [
                                -91.090285899708704,
                                17.575998911547146
                            ],
                            [
                                -91.091367210105645,
                                17.576007080985981
                            ],
                            [
                                -91.091431410378419,
                                17.57600725135541
                            ],
                            [
                                -91.092216219088243,
                                17.57604928048033
                            ],
                            [
                                -91.092253471450292,
                                17.576528819303395
                            ],
                            [
                                -91.092275050418792,
                                17.576805910690076
                            ],
                            [
                                -91.092328879040039,
                                17.577330659967821
                            ],
                            [
                                -91.092414559969541,
                                17.578316141190186
                            ],
                            [
                                -91.093041250124543,
                                17.57830502998598
                            ],
                            [
                                -91.093492590157908,
                                17.578309390489977
                            ],
                            [
                                -91.093482139061038,
                                17.57859620062089
                            ],
                            [
                                -91.09344980920595,
                                17.579305799422993
                            ],
                            [
                                -91.095577189385878,
                                17.579289990139198
                            ],
                            [
                                -91.095557369417506,
                                17.580276560760915
                            ],
                            [
                                -91.093491370263067,
                                17.580375999258933
                            ],
                            [
                                -91.093445970213111,
                                17.58037730987138
                            ],
                            [
                                -91.092406070312578,
                                17.580418709804995
                            ],
                            [
                                -91.091327130321645,
                                17.580447599691897
                            ],
                            [
                                -91.091315741115835,
                                17.580447709753688
                            ],
                            [
                                -91.090198040561276,
                                17.580458029672386
                            ],
                            [
                                -91.08907902095423,
                                17.580507480012706
                            ],
                            [
                                -91.089100681706881,
                                17.580242340076431
                            ],
                            [
                                -91.089152621714646,
                                17.579464449470091
                            ]
                        ]
                    ]
                ]
            }
        },
        {
            "type": "Feature",
            "properties": {
                "EDICION": "2025",
                "VERSION": "1",
                "TIPO_GEO": "l",
                "CVEGEO": "270010164",
                "CVE_ENT": "27",
                "CVE_MUN": "001",
                "CVE_LOC": "0164",
                "NOMGEO": "El Chamizal",
                "AMBITO": "Rural"
            },
            "geometry": {
                "type": "MultiPolygon",
                "coordinates": [
                    [
                        [
                            [
                                -91.057932347234768,
                                17.495892592482043
                            ],
                            [
                                -91.057921811389093,
                                17.497534742525662
                            ],
                            [
                                -91.057923180191494,
                                17.498208624759773
                            ],
                            [
                                -91.057921837730348,
                                17.499503265380351
                            ],
                            [
                                -91.057920747622447,
                                17.500090396257864
                            ],
                            [
                                -91.057019416927162,
                                17.499998069139867
                            ],
                            [
                                -91.05618607122463,
                                17.49989392707743
                            ],
                            [
                                -91.056322891484442,
                                17.499262181218644
                            ],
                            [
                                -91.054849052668999,
                                17.499065359282692
                            ],
                            [
                                -91.054537819463405,
                                17.499035378635991
                            ],
                            [
                                -91.053663248203605,
                                17.498960662167356
                            ],
                            [
                                -91.053793107098926,
                                17.498162413304129
                            ],
                            [
                                -91.053070475591682,
                                17.498094739109483
                            ],
                            [
                                -91.053243921032021,
                                17.496753460123234
                            ],
                            [
                                -91.052445928921841,
                                17.496635327334403
                            ],
                            [
                                -91.052584842532923,
                                17.495781782948924
                            ],
                            [
                                -91.052764264829165,
                                17.494992979638635
                            ],
                            [
                                -91.052932005222573,
                                17.494165956495301
                            ],
                            [
                                -91.053673920340714,
                                17.49438772211796
                            ],
                            [
                                -91.054088049997603,
                                17.492937366521112
                            ],
                            [
                                -91.054756440339901,
                                17.493049439685301
                            ],
                            [
                                -91.055060221570301,
                                17.493076729774163
                            ],
                            [
                                -91.055430255442062,
                                17.493116314536334
                            ],
                            [
                                -91.055184896615728,
                                17.495135271953298
                            ],
                            [
                                -91.056256097365832,
                                17.495442835281132
                            ],
                            [
                                -91.057065028494449,
                                17.495669766643612
                            ],
                            [
                                -91.057932347234768,
                                17.495892592482043
                            ]
                        ]
                    ]
                ]
            }
        },
        {
            "type": "Feature",
            "properties": {
                "EDICION": "2025",
                "VERSION": "1",
                "TIPO_GEO": "l",
                "CVEGEO": "270010049",
                "CVE_ENT": "27",
                "CVE_MUN": "001",
                "CVE_LOC": "0049",
                "NOMGEO": "Netzahualcoyotl (Santa Ana)",
                "AMBITO": "Rural"
            },
            "geometry": {
                "type": "MultiPolygon",
                "coordinates": [
                    [
                        [
                            [
                                -91.442109155243998,
                                17.707710527096879
                            ],
                            [
                                -91.442191985727106,
                                17.707531386610032
                            ],
                            [
                                -91.442315945320459,
                                17.707221397533011
                            ],
                            [
                                -91.442452524649951,
                                17.706913297486338
                            ],
                            [
                                -91.442462894633948,
                                17.706888097187164
                            ],
                            [
                                -91.442472445724476,
                                17.706864568254684
                            ],
                            [
                                -91.442679406436213,
                                17.706314958327475
                            ],
                            [
                                -91.442694355996025,
                                17.706271727079034
                            ],
                            [
                                -91.442781311081802,
                                17.706300365986177
                            ],
                            [
                                -91.443278214941856,
                                17.705251790935044
                            ],
                            [
                                -91.443795019458449,
                                17.705435330928488
                            ],
                            [
                                -91.443954075232654,
                                17.705336857504292
                            ],
                            [
                                -91.444037338903968,
                                17.705299213644206
                            ],
                            [
                                -91.444158154495071,
                                17.705271787664483
                            ],
                            [
                                -91.44456008614911,
                                17.705292133263686
                            ],
                            [
                                -91.444650881332038,
                                17.70532781075795
                            ],
                            [
                                -91.444119302675034,
                                17.706398545658345
                            ],
                            [
                                -91.444765828779111,
                                17.706723607670405
                            ],
                            [
                                -91.445948279275385,
                                17.707353509909822
                            ],
                            [
                                -91.445501137901715,
                                17.708218545811842
                            ],
                            [
                                -91.446566777509176,
                                17.708686701488073
                            ],
                            [
                                -91.445180878589127,
                                17.71167928099797
                            ],
                            [
                                -91.444152940653467,
                                17.713806351698608
                            ],
                            [
                                -91.443163763794999,
                                17.71308222475303
                            ],
                            [
                                -91.442512545453056,
                                17.714312705265815
                            ],
                            [
                                -91.442233555116033,
                                17.714890334621934
                            ],
                            [
                                -91.441754725854551,
                                17.715588214692634
                            ],
                            [
                                -91.441218355320501,
                                17.7152916952342
                            ],
                            [
                                -91.440833385680108,
                                17.716124895649937
                            ],
                            [
                                -91.439265317178666,
                                17.715487254325467
                            ],
                            [
                                -91.438811785778753,
                                17.715299735445342
                            ],
                            [
                                -91.438471206570711,
                                17.715159104791923
                            ],
                            [
                                -91.439087036414719,
                                17.714128246041586
                            ],
                            [
                                -91.439633015969221,
                                17.713290275965953
                            ],
                            [
                                -91.440047015816745,
                                17.712630136376177
                            ],
                            [
                                -91.440376576184292,
                                17.712089397086189
                            ],
                            [
                                -91.44067758617733,
                                17.711594846703132
                            ],
                            [
                                -91.44102132663366,
                                17.71103689625755
                            ],
                            [
                                -91.441329046446185,
                                17.710530296530369
                            ],
                            [
                                -91.441640946543757,
                                17.70991438745326
                            ],
                            [
                                -91.441828094711468,
                                17.709497696708464
                            ],
                            [
                                -91.442237436091091,
                                17.708670457843823
                            ],
                            [
                                -91.442600586140244,
                                17.707955167133854
                            ],
                            [
                                -91.442089725973403,
                                17.707741137627913
                            ],
                            [
                                -91.442109155243998,
                                17.707710527096879
                            ]
                        ]
                    ]
                ]
            }
        },
        {
            "type": "Feature",
            "properties": {
                "EDICION": "2025",
                "VERSION": "1",
                "TIPO_GEO": "l",
                "CVEGEO": "270010609",
                "CVE_ENT": "27",
                "CVE_MUN": "001",
                "CVE_LOC": "0609",
                "NOMGEO": "El Mical",
                "AMBITO": "Rural"
            },
            "geometry": {
                "type": "MultiPolygon",
                "coordinates": [
                    [
                        [
                            [
                                -91.057796482144511,
                                17.832369163903746
                            ],
                            [
                                -91.057784548345978,
                                17.830072292874021
                            ],
                            [
                                -91.058977154809511,
                                17.830075643500134
                            ],
                            [
                                -91.060211172770963,
                                17.830070897382544
                            ],
                            [
                                -91.060274381164362,
                                17.83006976683027
                            ],
                            [
                                -91.060434316209808,
                                17.830069598278541
                            ],
                            [
                                -91.0619422467189,
                                17.830071974753785
                            ],
                            [
                                -91.062837481620718,
                                17.830076101873743
                            ],
                            [
                                -91.062833799782297,
                                17.830453250403735
                            ],
                            [
                                -91.062825420953885,
                                17.830903633987536
                            ],
                            [
                                -91.062827231899419,
                                17.832308869167942
                            ],
                            [
                                -91.062794776800217,
                                17.833001595482113
                            ],
                            [
                                -91.062766257546755,
                                17.833060335683399
                            ],
                            [
                                -91.062408168781261,
                                17.833392704255228
                            ],
                            [
                                -91.061897797156718,
                                17.833885665198896
                            ],
                            [
                                -91.061644178535659,
                                17.834121924253186
                            ],
                            [
                                -91.060873648638164,
                                17.834856794123596
                            ],
                            [
                                -91.059858748373017,
                                17.835840273677857
                            ],
                            [
                                -91.05778185744893,
                                17.837823084810861
                            ],
                            [
                                -91.05778056729541,
                                17.837430178615492
                            ],
                            [
                                -91.057788735972451,
                                17.834510452646246
                            ],
                            [
                                -91.057796482144511,
                                17.832369163903746
                            ]
                        ]
                    ]
                ]
            }
        },
        {
            "type": "Feature",
            "properties": {
                "EDICION": "2025",
                "VERSION": "1",
                "TIPO_GEO": "l",
                "CVEGEO": "270010752",
                "CVE_ENT": "27",
                "CVE_MUN": "001",
                "CVE_LOC": "0752",
                "NOMGEO": "Vista Hermosa",
                "AMBITO": "Rural"
            },
            "geometry": {
                "type": "MultiPolygon",
                "coordinates": [
                    [
                        [
                            [
                                -91.429358499242781,
                                17.770745520714836
                            ],
                            [
                                -91.428922049337956,
                                17.771087910593106
                            ],
                            [
                                -91.428333359906318,
                                17.770418980480681
                            ],
                            [
                                -91.428241639636425,
                                17.770284490904306
                            ],
                            [
                                -91.428237849597636,
                                17.770222581155487
                            ],
                            [
                                -91.428643479753916,
                                17.769889380666985
                            ],
                            [
                                -91.429088879579524,
                                17.769526091112926
                            ],
                            [
                                -91.429818979454922,
                                17.770402490400098
                            ],
                            [
                                -91.429358499242781,
                                17.770745520714836
                            ]
                        ]
                    ]
                ]
            }
        },
        {
            "type": "Feature",
            "properties": {
                "EDICION": "2025",
                "VERSION": "1",
                "TIPO_GEO": "l",
                "CVEGEO": "270010005",
                "CVE_ENT": "27",
                "CVE_MUN": "001",
                "CVE_LOC": "0005",
                "NOMGEO": "Apatzingan",
                "AMBITO": "Rural"
            },
            "geometry": {
                "type": "MultiPolygon",
                "coordinates": [
                    [
                        [
                            [
                                -91.062762300604433,
                                17.6123413857377
                            ],
                            [
                                -91.062733476627244,
                                17.611261539445401
                            ],
                            [
                                -91.061083233595369,
                                17.611415935588095
                            ],
                            [
                                -91.059618123335412,
                                17.61157480509236
                            ],
                            [
                                -91.057843192145356,
                                17.61172781631991
                            ],
                            [
                                -91.057840152856528,
                                17.609599511596251
                            ],
                            [
                                -91.057824111881388,
                                17.602312655805282
                            ],
                            [
                                -91.061163920435746,
                                17.602140818047484
                            ],
                            [
                                -91.064160941171224,
                                17.601959240893901
                            ],
                            [
                                -91.065150962613203,
                                17.60192248454754
                            ],
                            [
                                -91.066354114119733,
                                17.601868100746717
                            ],
                            [
                                -91.067450700321714,
                                17.601775432772321
                            ],
                            [
                                -91.068629988063321,
                                17.601645984058376
                            ],
                            [
                                -91.068653032655178,
                                17.601643750990579
                            ],
                            [
                                -91.068951367683951,
                                17.603876239391862
                            ],
                            [
                                -91.069734314733466,
                                17.612528624495027
                            ],
                            [
                                -91.069717048765781,
                                17.61252300063536
                            ],
                            [
                                -91.069662230927165,
                                17.61249372837591
                            ],
                            [
                                -91.069587883659622,
                                17.612488041273821
                            ],
                            [
                                -91.069539980974838,
                                17.612465385954064
                            ],
                            [
                                -91.069478478607977,
                                17.612462684117631
                            ],
                            [
                                -91.069351263226224,
                                17.612488105150288
                            ],
                            [
                                -91.068963526457139,
                                17.612607069316979
                            ],
                            [
                                -91.06847788910494,
                                17.612819344585798
                            ],
                            [
                                -91.067431513538736,
                                17.613232390446992
                            ],
                            [
                                -91.066272486086064,
                                17.613662053939017
                            ],
                            [
                                -91.065076063761424,
                                17.614158093904486
                            ],
                            [
                                -91.064180049250083,
                                17.614510972663659
                            ],
                            [
                                -91.062997082769499,
                                17.614892734895893
                            ],
                            [
                                -91.06292390826637,
                                17.614787190141602
                            ],
                            [
                                -91.062799679020259,
                                17.613933880580618
                            ],
                            [
                                -91.062767798615383,
                                17.613225561311012
                            ],
                            [
                                -91.062762978795149,
                                17.613108241329677
                            ],
                            [
                                -91.062762300604433,
                                17.6123413857377
                            ]
                        ]
                    ]
                ]
            }
        },
        {
            "type": "Feature",
            "properties": {
                "EDICION": "2025",
                "VERSION": "1",
                "TIPO_GEO": "l",
                "CVEGEO": "270010090",
                "CVE_ENT": "27",
                "CVE_MUN": "001",
                "CVE_LOC": "0090",
                "NOMGEO": "San Joaquin 1ra. Seccion",
                "AMBITO": "Rural"
            },
            "geometry": {
                "type": "MultiPolygon",
                "coordinates": [
                    [
                        [
                            [
                                -91.46531676966606,
                                18.031307673772577
                            ],
                            [
                                -91.465300149776638,
                                18.031253044228897
                            ],
                            [
                                -91.465290409780266,
                                18.031224013826989
                            ],
                            [
                                -91.465267668884906,
                                18.031154424202239
                            ],
                            [
                                -91.465236458883538,
                                18.031045394163655
                            ],
                            [
                                -91.465202979579388,
                                18.030936934325556
                            ],
                            [
                                -91.465184609477646,
                                18.030878763966093
                            ],
                            [
                                -91.465164919484323,
                                18.030816373981196
                            ],
                            [
                                -91.465059779299807,
                                18.030484853819967
                            ],
                            [
                                -91.465127749370779,
                                18.030465214198564
                            ],
                            [
                                -91.465924809319915,
                                18.030230574303918
                            ],
                            [
                                -91.466033508756851,
                                18.030573564499885
                            ],
                            [
                                -91.466051149298096,
                                18.030623774512538
                            ],
                            [
                                -91.466144739167916,
                                18.030912503751708
                            ],
                            [
                                -91.466152669381032,
                                18.03093694446645
                            ],
                            [
                                -91.466210599481215,
                                18.031111854010277
                            ],
                            [
                                -91.466300609489224,
                                18.031381144081269
                            ],
                            [
                                -91.466376168692989,
                                18.031620334144467
                            ],
                            [
                                -91.466403778892996,
                                18.031691973808737
                            ],
                            [
                                -91.46651737888088,
                                18.031986854122056
                            ],
                            [
                                -91.466005548788473,
                                18.032090453673213
                            ],
                            [
                                -91.465691659226025,
                                18.032155253437242
                            ],
                            [
                                -91.465603748806188,
                                18.032178504141328
                            ],
                            [
                                -91.465569809569644,
                                18.032062103909315
                            ],
                            [
                                -91.465541539379657,
                                18.031976794239302
                            ],
                            [
                                -91.465493839334911,
                                18.031816134259504
                            ],
                            [
                                -91.46544210890481,
                                18.031672163496712
                            ],
                            [
                                -91.465404769273661,
                                18.031564793833279
                            ],
                            [
                                -91.465337369169603,
                                18.031366534272966
                            ],
                            [
                                -91.46531676966606,
                                18.031307673772577
                            ]
                        ]
                    ]
                ]
            }
        },
        {
            "type": "Feature",
            "properties": {
                "EDICION": "2025",
                "VERSION": "1",
                "TIPO_GEO": "l",
                "CVEGEO": "270010415",
                "CVE_ENT": "27",
                "CVE_MUN": "001",
                "CVE_LOC": "0415",
                "NOMGEO": "Francisco Villa",
                "AMBITO": "Rural"
            },
            "geometry": {
                "type": "MultiPolygon",
                "coordinates": [
                    [
                        [
                            [
                                -91.059668260425468,
                                17.940154787995755
                            ],
                            [
                                -91.059639368493478,
                                17.939170127554313
                            ],
                            [
                                -91.058578569423673,
                                17.939195386832914
                            ],
                            [
                                -91.058420028510767,
                                17.9392070164781
                            ],
                            [
                                -91.058160859178102,
                                17.939280097346881
                            ],
                            [
                                -91.057783178770777,
                                17.939712136865886
                            ],
                            [
                                -91.057791349571318,
                                17.939270787321973
                            ],
                            [
                                -91.057797177916271,
                                17.938694017979049
                            ],
                            [
                                -91.057804829358474,
                                17.938253097255391
                            ],
                            [
                                -91.057805918555331,
                                17.937906707249471
                            ],
                            [
                                -91.057798028812186,
                                17.937460618133333
                            ],
                            [
                                -91.057807579386406,
                                17.937035728527924
                            ],
                            [
                                -91.057825859028014,
                                17.936640258899192
                            ],
                            [
                                -91.057822779245555,
                                17.936123668418091
                            ],
                            [
                                -91.057826148676497,
                                17.935265697745699
                            ],
                            [
                                -91.057827718279285,
                                17.934860598417142
                            ],
                            [
                                -91.057843714489607,
                                17.933965872937016
                            ],
                            [
                                -91.058266539243306,
                                17.933956619155428
                            ],
                            [
                                -91.05940599764557,
                                17.933937638855461
                            ],
                            [
                                -91.060485678784104,
                                17.933917329302286
                            ],
                            [
                                -91.06154401854603,
                                17.933900298803916
                            ],
                            [
                                -91.062870046994135,
                                17.93390767833991
                            ],
                            [
                                -91.064478346484805,
                                17.933914938398317
                            ],
                            [
                                -91.064476617237588,
                                17.935042267706852
                            ],
                            [
                                -91.063587597356616,
                                17.93509059904386
                            ],
                            [
                                -91.063645676476298,
                                17.937730497190749
                            ],
                            [
                                -91.062710377347713,
                                17.937750137968116
                            ],
                            [
                                -91.061687018205475,
                                17.937779297434538
                            ],
                            [
                                -91.061713147405868,
                                17.939094966930639
                            ],
                            [
                                -91.061750961735115,
                                17.940156595644194
                            ],
                            [
                                -91.061712573349354,
                                17.940156937201099
                            ],
                            [
                                -91.060782593969762,
                                17.940165211954387
                            ],
                            [
                                -91.060735060500662,
                                17.940165634247379
                            ],
                            [
                                -91.059668260425468,
                                17.940154787995755
                            ]
                        ]
                    ]
                ]
            }
        },
        {
            "type": "Feature",
            "properties": {
                "EDICION": "2025",
                "VERSION": "1",
                "TIPO_GEO": "l",
                "CVEGEO": "270010046",
                "CVE_ENT": "27",
                "CVE_MUN": "001",
                "CVE_LOC": "0046",
                "NOMGEO": "Missicab",
                "AMBITO": "Rural"
            },
            "geometry": {
                "type": "MultiPolygon",
                "coordinates": [
                    [
                        [
                            [
                                -91.444664385509142,
                                17.75939192326619
                            ],
                            [
                                -91.444482545082394,
                                17.758892553728408
                            ],
                            [
                                -91.44444537574401,
                                17.758851983595395
                            ],
                            [
                                -91.444404235004455,
                                17.758849033569884
                            ],
                            [
                                -91.444235925278875,
                                17.758918953427969
                            ],
                            [
                                -91.444091375181273,
                                17.75861966425559
                            ],
                            [
                                -91.444593845060922,
                                17.758191643940403
                            ],
                            [
                                -91.444810325141248,
                                17.758017553980356
                            ],
                            [
                                -91.444850495266934,
                                17.758136293536669
                            ],
                            [
                                -91.445039585371532,
                                17.758792314200459
                            ],
                            [
                                -91.445192204670363,
                                17.759241233672192
                            ],
                            [
                                -91.444664385509142,
                                17.75939192326619
                            ]
                        ]
                    ]
                ]
            }
        }
    ]
}